oriCourseCd	oriCourseNm	stdCourseNm	CreateDate
AAAA009	(중앙회)5급신규직원입문과정(직무)	직원입문	2018
AABA096	하나로유통 세무회계 실무	회계일반	2017
AABA097	협동조합전문가역량강화과정	직원입문	2018
AAPA010	농축협 순회검사역 과정	직원입문	2019
AD3A001	(생명) 직무전문가 육성체계 및 교육프로그램 사례발표회	강사양성과정	2018
AD3K001	(중)실전 jQuery	프로그래밍일반	2019
AD4A001	(중)Advanced C Programming	프로그래밍일반	2017
AD4A002	SW Test Manager	소프트웨어공학	2017
AD4A003	R을 이용한 데이터 분석	데이터분석	2017
AD4A004	모바일 앱 기획 및 UX설계 실무	웹/앱개발	2017
AD4A005	클라우드 컴퓨팅을 위한 하둡	클라우드컴퓨팅	2017
AD4A006	인공지능챗봇 - 이해부터 제작까지	머신러닝딥러닝	2017
AD4A007	실전! TensorFlow로 배우는 딥러닝	머신러닝딥러닝	2017
AD4A008	파이썬을 활용한 챗봇 서비스 개발	머신러닝딥러닝	2017
AD4A009	NoSQL 데이터 모델링	데이터베이스	2017
AD4A010	빅데이터를 위한 파이썬	프로그래밍일반	2017
AD4A011	정보보호제품 평가인증교육	정보보안	2017
AD4A012	파이썬 프로그래밍	프로그래밍일반	2017
AD4A013	파이썬으로 배우는 자연어처리 기술 입문	데이터분석	2017
AD4A014	빅데이터 분석을 통한 통계적 방법론	데이터분석	2017
AD4A015	SharePoint Server 2013 개발자 과정	웹/앱개발	2017
AD4A016	빅데이터 분석을 위한 Visual Analytics	데이터분석	2017
AD4A017	SMART 연말정산(실전반)(중앙회)	직원입문	2017
ADAA023	사모펀드(PEF)	금융교육과정	2017
ADAA024	가맹거래법 위반 및 분쟁조정사례분석	법률교육과정	2018
ADAA025	M&A실무(재무 및 경영)	기업/신용교육과정	2018
ADAA026	사업타당성분석실무	경영교육과정	2018
ADAA027	회생과 파산에 관한 실무법률	법률교육과정	2018
ADBA417	부문별 내부감사종합	내부감사	2017
ADBA418	전문강사양성	강사양성과정	2018
ADBA419	고려대 정보보호대학원(중앙회)	정보보안	2018
ADBA420	노동조합 파견복귀자 현장적응교육	직원입문	2018
ADBA421	연세대 정보대학원(빅데이터)	데이터분석	2018
ADBA422	성균관대 경영EMBA	최고위과정	2018
ADBA423	부문별 내부감사종합	내부감사	2018
ADBA424	기업회생전문가-법정관리인 양성과정(금융)	기업/신용교육과정	2018
ADBA425	KAIST 정보경영 석사과정	경영교육과정	2019
ADPA006	부가가치세 실무	회계일반	2017
ADPA008	알면 힘이 되는 대규모유통업법 실무	법률교육과정	2017
ADPA009	부가가치세 입문	회계일반	2018
ADPA011	연세대 행정대학원 최고위정책과정	최고위과정	2018
ADPA012	KAIST 최고경영자(AIM)(금융)	최고위과정	2018
ADPA013	KPI설정과 운영 실무과정	경영교육과정	2019
ADQA002	농정지원단 힐링캠프	마인드컨드롤	2018
ADSA002	"JAVA Framework - Spring, iBatis, MyBatis 연동"	프로그래밍일반	2017
ADSA003	(중)Java Programming 기본	프로그래밍일반	2017
ADVA004	실무에서 바로 활용하는 Advanced SQL	프로그래밍일반	2017
ADVA005	(중)Oracle Database 11g: SQL Tuning Workshop & case study	데이터베이스	2017
ADVA006	업무에 바로쓰는 SQL 튜닝	프로그래밍일반	2017
ADVA007	Oracle Database 11g: Performance Tuning	데이터베이스	2017
ADXA001	고려대 최고위과정	최고위과정	2019
ADXA002	산학정정책과정	금융교육과정	2019
ADXA003	연세대 자산관리최고위과정	최고위과정	2019
ADXA004	건국대 최고경영자과정	최고위과정	2019
AH4A003	[BigData] 이정훈의 머신러닝 전문가	머신러닝딥러닝	2018
AHPA021	CISA 시험 대비반(주중)	정보보안	2018
AHRA070	Windows Server 2016 설치 및 구성	웹/앱개발	2018
AHRA071	오픈소스 도커와 Kubernetes의 핵심개념 및 운영실무	웹/앱개발	2018
AHRA072	UNIX Shell 프로그래밍(Posix)	프로그래밍일반	2018
AHRA073	"VMware vSphere:install, Configure, Manage[V6.5]"	VMware(가상머신)	2018
AHRA074	Veritas Netbackup 8.0 : Advanced administration	클라우드컴퓨팅	2018
AHSA049	"HTML5 Mobile Web, Hybrid App"	웹/앱개발	2018
AHSA050	원샷! Java Project 웹 역량 강화	프로그래밍일반	2018
AHSA051	jQuery & Spring F/W	프로그래밍일반	2018
AHSA052	모바일개발 기초과정 (안드로이드 + iOS)	웹/앱개발	2018
AHTA025	Wireshark 네트워크 패킷 분석 이해	웹/앱개발	2018
AHVA155	SQL Server 성능 튜닝 및 고가용성	프로그래밍일반	2018
AHVA156	데이터 모델링 실전	데이터베이스	2018
AHVA157	DBMS 이론과 실무 활용	데이터베이스	2018
AHVA158	R을 이용한 데이터 분석	데이터분석	2018
AHVA159	Tibero Basic	데이터베이스	2018
AHVA160	Tibero Advanced	데이터베이스	2018
AHVA161	Oracle Database 12c: Administration Workshop	데이터베이스	2018
AHVA162	데이터 사이언스 교육 입문반	데이터분석	2018
AHWA101	"알고리즘으로 배우는 머신러닝, 딥러닝"	머신러닝딥러닝	2018
AJPA009	대인화법 및 인터뷰 요령 향상교육	대인의사소통	2020
AKAJ001	데이터마케팅 전문가	데이터분석	2019
AKCJ001	범농협 현장교육지원	직원입문	2017
AT3K001	(중) JSP & Servlet Programming	웹/앱개발	2018
AT3K002	(중) PMBOK 기반의 프로젝트전문가(PMP)	프로젝트관리	2018
AT3K003	SMART 연말정산(전산실전반)(중앙회)	직원입문	2018
AT3K004	(중) DBMS 활용을 위한 SQL_Advanced	프로그래밍일반	2018
AT3K005	(중) 영상데이터 분석을 위한 컴퓨터 비전	데이터분석	2018
AT3K006	(중) Linux System Administration	OS	2018
AT3K007	국가(정부)계약 실무과정	경영교육과정	2019
AT3K008	정보보안기사/산업기사 필기 대비반	정보보안	2019
AT3K009	iPhone App 개발 기본1	웹/앱개발	2019
AT3K010	Oracle Database 12c R2: Introduction to SQL	데이터베이스	2019
AT3K011	Oracle Database: SQL Tuning Workshop & Case Study	데이터베이스	2019
AT3K012	UNIX Administration	프로그래밍일반	2019
AT3K013	객체지향 Javascript 기본	프로그래밍일반	2019
AT3K014	데이터 모델링 기본	데이터베이스	2019
AT3K016	델파이/C++빌더 윈도우 프로그래밍	프로그래밍일반	2019
AT3K017	빅데이터 분석을 위한 하둡과 스파크 아키텍처	데이터분석	2019
AT3K018	원샷! Java Project - 웹역량 강화	프로그래밍일반	2019
AT3K019	Java Programming 핵심	프로그래밍일반	2019
AT3K020	블록체인 기술의 이해와 활용	블록체인이해	2019
AT3K021	C Fundamentals	프로그래밍일반	2019
AT3K022	ITIL Foundation for IT Service Management	IT관리	2019
AT3K023	MS SQL Server 기본	프로그래밍일반	2019
AT3K024	Oracle Database 11g: Administration Workshop I Ed 2	데이터베이스	2019
AT3K025	(중)Perfect! 대용량 데이터베이스 튜닝	데이터베이스	2019
AT3K026	(중)PM(Project Manager) 양성	프로젝트관리	2019
AT3K027	TensorFlow로 배우는 Generative Models	머신러닝딥러닝	2019
AT3K028	Windows Server 2012 R2 Administration	웹/앱개발	2019
AT3K029	기획담당자 업무능력개발	경영교육과정	2019
AT3K030	블록체인 기술 입문	블록체인이해	2019
AT3K032	신입사원을 위한 회계기초	회계일반	2019
AT3K033	원샷! 파이썬을 활용한 웹 크롤링과 데이터 분석	데이터분석	2019
AT3K034	파이썬 입문	프로그래밍일반	2019
AT3K035	Programming in HTML5 with JavaScript and CSS3	웹/앱개발	2019
AT3K036	Agile 기반의 프로젝트 관리 방법론	프로젝트관리	2019
AT3K037	Elasticsearch Engineer	데이터베이스	2019
AT3K038	IOT를 위한 C# 프로그래밍	프로그래밍일반	2019
AT3K039	기획담당자를 위한 전략기획서 작성실무	문서작성활용	2019
AT3K040	(중)핵심! 빅데이터 분석 전문가	데이터분석	2019
AT3K041	(중)Perfect! 공공기관 기획 보고서 역량향상	문서작성활용	2019
AT3K042	(중)부가가치세 신고서 작성 실무	회계일반	2019
AT3K043	(중)실전! HTML5 프로젝트 - 서버에서 클라이언트까지 자바스크립트로 개발하기	웹/앱개발	2019
AT3K045	"(중)HTML5! Mobile Web, Hybrid App"	웹/앱개발	2019
AT3K046	(중) 데이터 모델링 실전	데이터베이스	2019
AT3K047	(중)델파이/C++빌더 기초강화	프로그래밍일반	2019
AT3K048	(중)실무자를 위한 Power Excel	문서작성활용	2019
AT3K049	(중)재무회계기초	회계일반	2019
AT3K050	재무회계중급	회계일반	2019
AT3K051	CMMI High Maturity 이해과정	IT관리	2019
AT3K052	Instroduction to CMMI V1.3	IT관리	2019
AT3K053	글로벌 기업사례로본 소프트웨어 테스팅 이론	소프트웨어공학	2019
AT3K054	품질기능전개(QFD) 기법 이해 과정	경영교육과정	2019
AT3K056	IT Governance 핵심 이해	IT관리	2019
AT3K057	기업을 바로보는 재무제표 분석	재무자산교육과정	2019
AT3K058	비즈니스 조사분석	금융교육과정	2019
AT3K059	빅데이터를 활용한 HR 전략 - HR Analystic -	인사관리	2019
AT3K060	정보전략계획(ISP)	IT관리	2019
AT3K063	HRD실무종합	인사관리	2019
AT3K064	IT Governance 전문가	IT관리	2019
AT3K065	ITIL기반의 ITSM(IT서비스관리) 실무	IT관리	2019
AT3K066	SW 품질관리 적용 실무	소프트웨어공학	2019
AT3K067	경영계획수립을 위한 사업실적분석	기업/신용교육과정	2019
AT3K068	경영관리를 위한 IT 기획	경영교육과정	2019
AT3K069	경영기획실무	경영교육과정	2019
AT3K070	경영기획입문	경영교육과정	2019
AT3K071	경영분석전문가 양성	경영교육과정	2019
AT3K073	계약체결 및 관리실무	경영교육과정	2019
AT3K075	관리회계기초	회계일반	2019
AT3K080	기업경영분석의 이해	기업/신용교육과정	2019
AT3K081	기획관리전문가 양성	경영교육과정	2019
AT3K082	기획력개발	경영교육과정	2019
AT3K083	내부감사 수행기법	내부감사	2019
AT3K084	내부감사 실무	내부감사	2019
AT3K085	내부감사 입문	내부감사	2019
AT3K086	내부감사인이 알아야 할 재무회계정보 이해	회계일반	2019
AT3K087	노사관리실무	경영교육과정	2019
AT3K089	법인세 입문	재무자산교육과정 vs 직원입문	2019
AT3K091	부문별 내부감사종합	내부감사	2019
AT3K092	비즈니스협상스킬	대인의사소통	2019
AT3K094	사업타당성분석실무	경영교육과정	2019
AT3K097	예산관리 기본	재무자산교육과정	2019
AT3K098	예산관리 실무	재무자산교육과정	2019
AT3K099	예산관리전문가 양성	재무자산교육과정	2019
AT3K100	윤리경영과 준법감시실무	경영교육과정	2019
AT3K101	인사관리기본	인사관리	2019
AT3K102	인사관리종합	인사관리	2019
AT3K103	자산관리기본	재무자산교육과정	2019
AT3K104	전략기획 스킬향상	경영교육과정	2019
AT3K105	전략기획전문가 양성	경영교육과정	2019
AT3K106	전략적 의사결정기법	경영교육과정	2019
AT3K107	전략적 인사기획실무	경영교육과정	2019
AT3K108	전략적 총무기획실무	경영교육과정	2019
AT3K109	총무업무기본	경영교육과정	2019
AT3K110	총무업무종합	경영교육과정	2019
AT3K112	품질관리종합	경영교육과정	2019
AT3K113	프레젠테이션스킬	대인의사소통	2019
AT3K114	회계실무종합	회계일반	2019
AT3K115	클라우드 실무자 양성과정	클라우드컴퓨팅	2019
AT3K116	R을 이용한 예측분석 모델링	데이터분석	2019
AT3K117	Spark를 활용한 머신러닝	머신러닝딥러닝	2019
AT3K118	AWS 기반 아키텍처 설계 (Architecting on AWS)	소프트웨어공학	2019
AT3K119	AWS 기술 에센셜 (AWS Technical Essentials)	클라우드컴퓨팅	2019
AT3K120	IoT 취약점 분석과 보안	정보보안	2019
AT3K121	클라우드 보안	클라우드컴퓨팅	2019
AT3K122	AI의 기본! 딥러닝 쉽게 시작하기	머신러닝딥러닝	2019
AT3K123	C언어로 배우는 시스템 제어	프로그래밍일반	2019
AT3K124	Hyperledger Fabric을 활용한 블록체인 애플리케이션 개발	웹/앱개발	2019
AT3K125	IBM Cloud를 활용한 Hyperledger Fabric 개발	클라우드컴퓨팅	2019
AT3K126	IoT를 위한 JAVA 프로그래밍	프로그래밍일반	2019
AT3K127	LoRa를 활용한 IoT 네트워크 구축	사물인터넷(IoT)	2019
AT3K128	Make 메이커! 라즈베리파이로 IoT 시작하기	사물인터넷(IoT)	2019
AT3K129	Perfect! 클라우드 데이터센터 핵심 기술 실무	클라우드컴퓨팅	2019
AT3K130	Tensorflow로 배우는 Generative Models	머신러닝딥러닝	2019
AT3K131	Tensorflow로 배우는 강화학습	머신러닝딥러닝	2019
AT3K132	데이터 분석 기획	데이터분석	2019
AT3K133	VMware Cloud Automation: Design and Deploy	VMware(가상머신)	2019
AT3K134	"VMware vRealize Automation: Install, Configure, Manage"	VMware(가상머신)	2019
AT3K135	"VMware vSphere: Install, Configure, Manage"	VMware(가상머신)	2019
AT3K137	라즈베리파이를 활용한 .NET 기반 IoT 구현	사물인터넷(IoT)	2019
AT3K138	라즈베리파이와 파이썬을 활용한 IoT 프로젝트	사물인터넷(IoT)	2019
AT3K139	블록체인과 비즈니스 혁신	블록체인이해	2019
AT3K140	사물인터넷 솔루션 개발 입문	사물인터넷(IoT)	2019
AT3K141	사물인터넷(IoT) 기술 이해 및 전략 수립	사물인터넷(IoT)	2019
AT3K142	사물인터넷(IoT) 시스템 검증 및 테스트	사물인터넷(IoT)	2019
AT3K143	사물인터넷(IoT) 시스템 설계 및 개발	사물인터넷(IoT)	2019
AT3K144	사물인터넷(IoT) 신사업 발굴 전략	사물인터넷(IoT)	2019
AT3K145	센서와 안드로이드 네트워크 기술을 활용한 IoT 구현	사물인터넷(IoT)	2019
AT3K146	실습으로 정복하는 임베디드 리눅스 커널	OS	2019
AT3K147	실전! PyTorch로 배우는 딥러닝	머신러닝딥러닝	2019
AT3K148	실전! 빅데이터를 활용한 IoT 솔루션 개발	사물인터넷(IoT)	2019
AT3K149	실전! 이더리움 DApp 개발	웹/앱개발	2019
AT3K150	"실전, EOS를 활용한 블록체인 기술 구현"	웹/앱개발	2019
AT3K151	안드로이드 플랫폼 분석과 NDK/PDK 활용 실무	웹/앱개발	2019
AT3K152	안드로이드로 배우는 IoT 무선통신 Protocol	사물인터넷(IoT)	2019
AT3K153	"알고리즘으로 배우는 머신러닝, 딥러닝"	머신러닝딥러닝	2019
AT3K154	알렉사(Alexa)를 활용한 홈 IoT 시스템 개발	사물인터넷(IoT)	2019
AT3K155	오픈스택으로 구현하는 클라우드 컴퓨팅	클라우드컴퓨팅	2019
AT3K156	원샷! 파이썬을 활용한 웹크롤링과 데이터 분석	데이터분석	2019
AT3K157	이더리움의 핵심! Solidity 프로그래밍	프로그래밍일반	2019
AT3K158	인공지능 기술 및 서비스 이해	머신러닝딥러닝	2019
AT3K159	임베디드 C프로그래밍 & 코드 최적화	프로그래밍일반	2019
AT3K160	임베디드 리눅스 디바이스 드라이버	OS	2019
AT3K161	클라우드 구축을 위한 Hyper-V 실무	클라우드컴퓨팅	2019
AT3K162	클라우드 도입을 위한 1Day 핵심	클라우드컴퓨팅	2019
AT3K163	클라우드 컴퓨팅 이해와 분석	클라우드컴퓨팅	2019
AT3K164	파이썬으로 배우는 자연어 처리 기술 입문	데이터분석	2019
AT3K165	파이썬을 활용한 머신러닝	머신러닝딥러닝	2019
AT3K166	핵심! 블록체인 암호 알고리즘	블록체인이해	2019
AT3K167	"Introduction to Containers, Kubernetes, and Red Hat OpenShift"	웹/앱개발	2019
AT3K168	OpenShift Enterprise Administration	웹/앱개발	2019
AT3K169	"Containers, Kubernetes, and Red Hat OpenShift Administration I"	웹/앱개발	2019
AT3K170	Red Hat JBoss Application Administration I	웹/앱개발	2019
AT3K171	Advanced Architecting on AWS	소프트웨어공학	2019
AT3K172	Architecting on AWS	소프트웨어공학	2019
AT3K173	Developing on AWS	웹/앱개발	2019
AT3K174	"VMware NSX-T: Install, Configure, Manage"	VMware(가상머신)	2019
AT3K175	"VMware NSX-V: Install, Configure, Manage"	VMware(가상머신)	2019
AT3K176	VMware vSAN: Deploy and Manage	VMware(가상머신)	2019
AT3K177	VMware vSAN: Troubleshooting Workshop	VMware(가상머신)	2019
AT3K179	Blockchain for Business	블록체인이해	2019
AT3K180	Blockchain-IoT Developer 양성 과정	사물인터넷(IoT)	2019
AT3K181	Digital Transformation for Employees	DigitalTransformation이해	2019
AT3K182	Digital Transformation for Executives	DigitalTransformation이해	2019
AT3K183	Digital Transformation for Managers	DigitalTransformation이해	2019
AT3K184	Private 클라우드: 오픈스택(OpenStack)	클라우드컴퓨팅	2019
AT3K185	"고객경험을 위한, 오라클 분석 클라우드"	데이터베이스	2019
AT3K187	기업용 Enterprise Cloud 이해하기	클라우드컴퓨팅	2019
AT3K188	오라클 클라우드 인프라 설계하기	데이터베이스	2019
AT3K189	온프레미스에서 클라우드로 전화하기 7R	클라우드컴퓨팅	2019
AT3K190	"인공지능의융합, 머신러닝과딥러닝의 이해"	머신러닝딥러닝	2019
AT3K192	컨테이너 가상화 기술: 도커(Docker) & 쿠베르네티스(Kubernetes)	웹/앱개발	2019
AT3K194	금융 APT 공격과 대응	정보보안	2019
AT3K195	금융 IT감사 실무	내부감사	2019
AT3K196	금융 모바일 악성코드 공격과 대응	정보보안	2019
AT3K197	금융 웹서비스 공격과 대응	정보보안	2019
AT3K198	금융 정보보호 관련 법제도의 이해	정보보안	2019
AT3K200	금융권 개인(신용)정보보호 ? 관리자	정보보안	2019
AT3K201	금융권 개인(신용)정보보호 ? 취급자	정보보안	2019
AT3K205	금융정보보호관리체계	정보보안	2019
AT3K206	전자금융사고의 이해 및 대응	정보보안	2019
AT3K207	정보보호 전략 수립 및 관리대책	정보보안	2019
AT3K208	APK악성코드 분석과 실습	정보보안	2019
AT3K209	Kali Linux를 활용한 해킹 및 보안 실습	정보보안	2019
AT3K211	개발자를 위한 웹 해킹 보안 및 취약점 분석	정보보안	2019
AT3K213	네트워크 취약점 분석과 보안	정보보안	2019
AT3K215	"소프트웨어 버그 헌팅 -취약점, 공격기법 분석과 보안"	정보보안	2019
AT3K216	실전! 빅데이터를 활용한 네트워크 보안 및 이상징후 탐지	정보보안	2019
AT3K217	악성코드 분석 입문	정보보안	2019
AT3K218	안드로이드 취약점 분석과 보안	정보보안	2019
AT3K219	웹 해킹 보안 입문	정보보안	2019
AT3K220	웹 해킹 실전: 워게임과 사이버 공방전	정보보안	2019
AT3K221	정보보호 기본 - Information Security Essentials	정보보안	2019
AT3K222	정보보호 컨설팅 실무	정보보안	2019
AT3K223	최신 IT동향 속 보안 트렌드와 이슈 대응	정보보안	2019
AT3K224	최신 해킹사례 분석 및 실습	정보보안	2019
AT3K226	MASTERING ISMS/PIMS BUILD UP	정보보안	2019
AT3K227	개인정보보호 핵심 마스터링	정보보안	2019
AT3K228	델파이 DB프로그래밍 :2티어	데이터베이스	2019
AT3K229	델파이 안드로이드&iOS 프로그래밍	프로그래밍일반	2019
AT3K232	.NET framework Programming with Visual C# .NET	프로그래밍일반	2019
AT3K233	".NET Windows Programming (C#, VB.NET)"	프로그래밍일반	2019
AT3K235	Agile 개발 방법론	프로젝트관리	2019
AT3K236	Agile 방법론과 TDD	프로젝트관리	2019
AT3K237	ASP.NET Web programming	웹/앱개발	2019
AT3K238	C++ 리팩토링	프로그래밍일반	2019
AT3K240	Eclipse와 오픈소스를 활용한 자바프로젝트	프로그래밍일반	2019
AT3K241	HTML5 ＆ CSS3 Fundamental	웹/앱개발	2019
AT3K244	"Java Framwork - Spring, iBatis, MyBatis 연동"	프로그래밍일반	2019
AT3K245	Java ORM 표준 JPA	프로그래밍일반	2019
AT3K246	Java 리팩토링	프로그래밍일반	2019
AT3K247	Linux System / Network Programming	OS	2019
AT3K248	MS Project를 활용한 프로젝트 공정관리	프로젝트관리	2019
AT3K249	MS SQL Server 관리자	프로그래밍일반	2019
AT3K250	Node.js 기본	프로그래밍일반	2019
AT3K251	Perfect! 발주자를 위한 정보전략계획(ISP)	IT관리	2019
AT3K253	Spring Framework를 활용한 OpenAPI 서비스 개발	프로그래밍일반	2019
AT3K254	Swift Programming	웹/앱개발	2019
AT3K255	SW보안을 위한 시큐어 코딩 in Java	프로그래밍일반	2019
AT3K256	UML 모델링 기본	데이터베이스	2019
AT3K257	Visual C# .NET Object Oriented Programming	프로그래밍일반	2019
AT3K258	Visual C++ MFC Programming	프로그래밍일반	2019
AT3K259	Visual C++/OOP Fundamentals	프로그래밍일반	2019
AT3K260	고급 개발자가 되기 위한 Windows System Programming	OS	2019
AT3K261	리눅스 기반의 프로젝트 실무	프로젝트관리	2019
AT3K262	비즈니스 분석실무 입문(Business Analysis Fundamental)	금융교육과정	2019
AT3K263	소프트웨어 아키텍처 in Java	소프트웨어공학	2019
AT3K264	실사례 기반의 프로젝트 위험/이슈 관리	프로젝트관리	2019
AT3K265	실전! 데이터 아키텍처 전문가 되기	소프트웨어공학	2019
AT3K266	실전! 안드로이드 App 개발 프로젝트	웹/앱개발	2019
AT3K267	안드로이드 App 개발 고급	웹/앱개발	2019
AT3K268	안드로이드 개발자를 위한 Java	프로그래밍일반	2019
AT3K271	오픈소스를 활용한 자바 프로젝트 자동화	프로그래밍일반	2019
AT3K272	워드프레스를 활용한 웹사이트 제작 실습 입문	웹/앱개발	2019
AT3K273	웹 개발자를 위한 HTML5 Season 2	웹/앱개발	2019
AT3K274	웹사이트와 모바일 웹을 위한 ASP.NET MVC	웹/앱개발	2019
AT3K277	프로젝트 리더십	프로젝트관리	2019
AT3K278	IT 전문가를 위한 프로젝트 매니지먼트	프로젝트관리	2019
AT3K279	Spring Framework	프로그래밍일반	2019
AT3K280	SW 분석설계 및 모델링 전문가	데이터베이스	2019
AT3K281	SW 아키텍처 분석설계 전문가	소프트웨어공학	2019
AT3K282	SW 요구공학 적용 실무	소프트웨어공학	2019
AT3K283	프로젝트 매니지먼트 입문을 위한 CAPM	프로젝트관리	2019
AT3K284	프로젝트 협상 전문가	대인의사소통	2019
AT3K292	Oracle DB 클라우드로 전환을 위한 DBA과정	데이터베이스	2019
AT3K293	실무에 바로 활용하는 Windows Server 2016 (고급)	웹/앱개발	2019
AT3K294	실무에 바로 활용하는 Windows Server 2016 (초급)	웹/앱개발	2019
AT3K295	실무에 바로 활용하는 Windows Server 2016 Active Directory	웹/앱개발	2019
AT3K296	실무에 바로 활용하는 Windows Server 2016 보안	웹/앱개발	2019
AT3K297	오라클 자율주행 데이터베이스	데이터베이스	2019
AT3K298	JEUS 7 Administration	웹/앱개발	2019
AT3K299	JEUS 8 Administration	웹/앱개발	2019
AT3K300	ProFrame 4 C	프로그래밍일반	2019
AT3K301	ProFrame 4 JAVA	프로그래밍일반	2019
AT3K304	Java SE Fundamentals	프로그래밍일반	2019
AT3K305	MySQL for Database Administrators	프로그래밍일반	2019
AT3K306	MySQL for Developers	프로그래밍일반	2019
AT3K307	MySQL Performance Tuning	프로그래밍일반	2019
AT3K308	Oracle 11g: RAC and Grid Infrastructure Administration Accelerated	데이터베이스	2019
AT3K309	Oracle Big Data Fundamentals	데이터베이스	2019
AT3K310	Oracle Database 11g: New Features for Administrators DBA	데이터베이스	2019
AT3K311	Oracle Database 12c R2: Backup and Recovery Workshop	데이터베이스	2019
AT3K312	Oracle Database 12c R2: Clusterware & ASM Admin Accelerated	데이터베이스	2019
AT3K313	Oracle Database 12c R2: Clusterware & RAC Admin Accelerated	데이터베이스	2019
AT3K314	Oracle Database 12c R2: High Availability New Features	데이터베이스	2019
AT3K315	"Oracle Database 12c: Admin, Install and Upgrade Accelerated"	데이터베이스	2019
AT3K316	Oracle Database 12c: Performance Management and Tuning	데이터베이스	2019
AT3K317	Oracle Linux 7: Advanced Administration	데이터베이스	2019
AT3K318	Oracle Linux 7: System Administration	데이터베이스	2019
AT3K319	Oracle Solaris 11 Advanced System Administration	OS	2019
AT3K320	Oracle Solaris 11 System Administration	OS	2019
AT3K321	빅데이터를 위한 파이썬	프로그래밍일반	2019
AT3K325	DT(Digital Transformation) 전략 과정	DigitalTransformation이해	2019
AT3K326	데이터사이언스 테크아카데미	데이터분석	2019
AT3K327	클라우드 실무자 과정	클라우드컴퓨팅	2019
AT3K328	DT(Digital Transformation) 기술 과정	DigitalTransformation이해	2019
AT3K329	Oracle Database 11g: Performance Tuning Ed 2	데이터베이스	2019
AT3K330	Introduction to ABAP Programming for SAP S/4HANA	회계일반	2019
AT3K331	ABAP Programming for SAP HANA	회계일반	2019
AT3K332	금융권 빅데이터 분석 활용 실무	데이터분석	2019
AT4A002	Excel Programming with Visual Basic	문서작성활용	2018
AT4A003	DBMS 이론과 실무 활용	데이터베이스	2018
AT4K001	델파이 기초	프로그래밍일반	2018
AT4K002	(중) Advanced JSP ＆ Servlet Programming	웹/앱개발	2018
AT4K003	Oracle Database 11g: Administration WorkshopⅠ	데이터베이스	2018
AT4K004	(중) Visual C#.NET Object Oriented	프로그래밍일반	2018
AT4K005	(중) 성능을 고려한 SQL 작성비법	프로그래밍일반	2018
AT4K006	(중)Perfect! 대용량 데이터베이스 튜닝 II	데이터베이스	2018
AT4K007	(중)Oracle Database: Introduction to SQL	데이터베이스	2018
AT4K008	(중)[BigData] Spark를 활용한 머신러닝	머신러닝딥러닝	2018
AT4K009	(중) SQL 최적화 튜닝	프로그래밍일반	2018
AT4K010	파이썬과 오픈소스를 활용한 딥러닝	머신러닝딥러닝	2018
AT4K011	(중) 안드로이드 APP 개발 기본	웹/앱개발	2018
AT4K012	파이썬 핵심	프로그래밍일반	2018
AT4K013	이정훈의 빅데이터 분석 기본	데이터분석	2019
AT4K014	비즈니스 파워포인트 활용 실무	문서작성활용	2019
AT4K015	블록체인을 통한 Business Insight	블록체인이해	2019
AT4K018	ITIL Foundation for IT Service Management	IT관리	2019
AT4K019	R을 이용한 빅데이터 분석 및 활용	데이터분석	2019
ATAK001	신규직원을 위한 회계기초	회계일반	2018
ATBK001	PMP대비	프로젝트관리	2018
ATBK002	경영간부를 위한 품질경영	경영교육과정	2019
ATBK003	디지털 대학원 과정(빅데이터 계약학과)	데이터분석	2020
ATBK004	2020 CES 리뷰&인사이트 콘서트	인사관리	2020
ATCK001	에너자이징 셀프리더십	리더십역량강화	2018
AXAM001	인재개발원 테스트(지선지선)	인사관리	2017
AYQZ001	협동조합을 일군 생각들	직원입문	2019
AYQZ003	인물로 만나는 리더십(Man of Leadership)	리더십역량강화	2019
AYQZ006	우리 곁의 협동조합	직원입문	2019
AYQZ009	"협동조합, 시너지의 답을 찾다"	직원입문	2019
AYQZ011	"공자, 협동조합을 말하다"	직원입문	2019
AYQZ013	"열린 조직, 열린 리더십(Open Leadership)"	리더십역량강화	2019
BA3K001	기업금융RM단기과정	RM교육	2019
BA3K002	신규직원 직무역량 강화과정	직원입문	2019
BAAA057	CS3.0 전문가 양성 과정	CS역량강화	2017
BAAA058	CS3.0 전문가 양성 과정	CS역량강화	2017
BAAA061	예비지점장(경영리더십)과정(은행)	리더십역량강화	2017
BAAA062	"6급신규직원 이념,현장체험(청주)"	직원입문	2018
BABA201	NH라이프 s-MBA 테마교육	최고위과정	2017
BAPA047	영업본부 현장지원단 RM 기본교육(은행)	RM교육	2017
BAPA050	영업점WM 역량강화 중급과정(은행)	재무자산교육과정	2017
BAPA051	WM Junior 과정(초급)(은행)	재무자산교육과정	2017
BAPA052	NH라이프 s-MBA 테마교육	최고위과정	2017
BAPA053	WM Senior 과정(중급)(은행)	재무자산교육과정	2017
BAPA054	기업금융RM 단기과정(은행)	RM교육	2018
BAPA056	신규직원 직무역량 강화과정(수신)	직원입문	2019
BAPA057	"신규직원 직무역량 강화과정(카드,AML)"	직원입문	2019
BBGC655	4차 산업혁명과 미래투자	4차산업혁명의비즈니스/기술변화	2018
BBGC658	연결재무제표의 이해와 활용	재무자산교육과정	2018
BBGC661	금융인을 위한 리더십개발	리더십역량강화	2018
BBGC663	자산관리상담실무(금융상품)	재무자산교육과정	2018
BBGC664	자산관리상담실무(부동산)	재무자산교육과정	2018
BBGC665	자산관리상담실무(세무)	재무자산교육과정	2018
BBGC666	기업금융종합마케팅	마케팅기획전략수립	2018
BD3A003	(생명) CSS모델링 과정	웹/앱개발	2018
BD4A001	(생명) PM(Project Manager) 양성	프로젝트관리	2018
BD4A002	(생명) Java Programming & DataBase Administration Workshop	프로그래밍일반	2018
BD4A006	(생명) 금융 APT 공격과 대응	정보보안	2018
BD4A011	(생명) 금융 네트워크 공격과 대응	정보보안	2018
BD4A013	(생명) 금융정보보호관리체계	정보보안	2018
BDAA101	(손해)부동산자산관리사 양성과정	재무자산교육과정	2017
BDAA102	(생명) 테스트	test	2017
BDAA104	(생명) 기획담당자 업무능력개발	경영교육과정	2018
BDAA106	VBA와 매크로를 활용한 문서 자동화 실무	문서작성활용	2018
BDAA109	"(생명) IFRS 17 최적가정, RA 및 K-ICS RM 산출을 위한 계리기본과정"	회계일반	2018
BDAA110	(생명) 리더십 개발	리더십역량강화	2018
BDAA118	(생명) SAS 프로그래밍 활용 과정	프로그래밍일반	2018
BDAA119	R을 활용한 실전 데이터 분석 프로젝트	데이터분석	2018
BDAA120	거래상대방 신용리스크관리과정	금융리스크	2018
BDAA121	산업분석(미래신기술)	기업/신용교육과정	2018
BDAA123	마케팅 프로모션 실무	마케팅기획전략수립	2018
BDAD005	재무제표분석	재무자산교육과정	2018
BDBA462	NH-금융MBA(스마트금융 College)(은행)	최고위과정	2017
BDBA463	(중)NH-금융MBA(WM College)	최고위과정	2017
BDBA464	(중)NH-금융MBA(RM College)	최고위과정	2017
BDBA465	(중)NH-금융MBA(IB College)	최고위과정	2017
BDBA466	(중)NH-금융MBA(자금운용 College)	최고위과정	2017
BDBA467	(중)NH-금융MBA(스마트금융 College)	최고위과정	2017
BDBA468	국제자산운용전문가과정(연세대)	재무자산교육과정	2017
BDBA471	NH-금융MBA(스마트금융)(지주)	최고위과정	2017
BDBA474	(생명) FP 세무전문가 과정	재무자산교육과정	2018
BDDA052	KAIST 금융MBA(금융지주)	최고위과정	2018
BDPA324	2급 기술신용평가사 기술신용평가 실무교육(은행)	기업/신용교육과정	2017
BDPA327	일반기업회계기준에 의한 재무제표분석 사례연구	회계일반	2017
BDPA328	SNS를 활용한 금융바이럴마케팅	마케팅기획전략수립	2017
BDPA329	자본시장법의 이해	법률교육과정	2017
BDPA330	금융4.0시대의 디지털 마케팅	마케팅기획전략수립	2017
BDPA331	빅데이터를 활용한 기획력향상	경영교육과정	2017
BDPA333	"기초회계실무, 세무실무"	회계일반	2017
BDPA334	금융 4.0시대의 디지털 마케팅	마케팅기획전략수립	2017
BDPA335	기업법무 이해를 위한 민법해설	법률교육과정	2017
BDPA336	비대면고객 마케팅	마케팅기획전략수립	2017
BDPA338	소셜미디어(SNS)활용 커뮤니케이션	대인의사소통	2017
BDPA339	구조화상품 투자 및 분석 실무과정	재무자산교육과정	2017
BDPA341	마케팅 전략 수립과 역량강화	마케팅기획전략수립	2017
BDPA344	Enlish for Presentation	언어교육	2017
BDPA345	R을 활용한 데이터분석 기초	데이터분석	2017
BDPA347	(생명) 계리모델링 실습과정	데이터베이스	2018
BDPA348	(생명) 금융데이터 분석 및 리포팅 과정	데이터분석	2018
BDPA350	(생명)IFRS17과 IFRS9 보험회계과정	회계일반	2018
BDPA351	(생명) 금융리스크 관리 특화과정	금융리스크	2018
BDPA352	(생명) CSS 모델링 (기본)	웹/앱개발	2018
BDPA354	4차산업혁명과 지식경영-블록체인이 창조할생태계(금융지주)	4차산업혁명의비즈니스/기술변화	2018
BDPA356	내부감사 실무 과정(금융지주)	내부감사	2018
BDPA357	(생명) 보험업무를 위한 R언어 활용	데이터분석	2018
BDPA358	(생명) 보험업권 감사아카데미	내부감사	2018
BDPA359	(생명)보험계약관리	경영교육과정	2018
BDPA360	(생명) IFRS17 대비 리스크 관리과정	회계일반	2018
BDPA361	(생명) IFRS해외인사초청 세미나	회계일반	2018
BDPA363	(생명) IFRS17 대비 계리 인프라과정	회계일반	2018
BDPA364	(생명) IFRS17 대비 계리 결산과정	회계일반	2018
BDPA365	해외인프라자산투자실무	재무자산교육과정	2019
BDPA367	내부감사 체크리스트 실무사례 과정	내부감사	2019
BDPA370	하루만에 완성하는 보험리스크	금융리스크	2019
BDQA003	노자ㆍ장자에게 배우는 조용한 리더십	리더십역량강화	2017
BGAD578	(손해)설득의심리학_협상편	대인의사소통	2017
BGAD579	(손해)보상담당자를 위한 배상의학	고객상담	2017
BGAD580	(손해)농심(農心)을 찾아 떠나는 여행	직원입문	2017
BGAD581	(손해)내가 찾던 안드로이드 5 앱 개발 기초	웹/앱개발	2017
BGAD584	"(손해)4차 산업혁명 경영학-가상현실, 불가능이 없는 새로운 세상!"	4차산업혁명의비즈니스/기술변화	2018
BGBD038	금융영어회화(은행)	언어교육	2017
BGQD129	내 업무 반으로 줄이는 엑셀 2010	문서작성활용	2017
BGQD130	농협은행 임직원 정보보호교육(은행)	정보보안	2017
BGQD131	2018 정보보호 사이버교육(은행)	정보보안	2018
BGQD133	4차 산업혁명과 CS경영(은행)	4차산업혁명의비즈니스/기술변화	2018
BHSA007	업무에 바로 쓰는 HTML5와 CSS3	웹/앱개발	2020
BI3H001	KBI 금융DT테스트	DigitalTransformation이해	2020
BIBA469	주말 직무핵심(재무제표분식 사례연구)(은행)	회계일반	2017
BIBA470	감사 아카데미(IT)(은행)	내부감사	2017
BIBA471	감사 아카데미(중급)(은행)	내부감사	2017
BIBA472	프리젠테이션스킬 향상(주말)(은행)	대인의사소통	2017
BIBA475	금융 4.0 시대의 디지털 마케팅(은행)	마케팅기획전략수립	2017
BIBA476	금융 ICT 트렌드 및 기술 분석(은행)	기업/신용교육과정	2017
BIBA477	스마트금융을 위한 기초 법률(은행)	법률교육과정	2017
BIBA482	기업여신 종합전문가(여신심사)(은행)	기업/신용교육과정	2017
BIBA483	기업여신 종합전문가(여신관리 및 회수)(은행)	기업/신용교육과정	2017
BIBA484	기업여신 종합전문가(구조조정)(은행)	기업/신용교육과정	2017
BIBA485	산업분석(미래신기술)(은행)	기업/신용교육과정	2017
BIBA486	기업여신 종합전문가(컨설팅)(은행)	기업/신용교육과정	2017
BIBA488	소매여신 리스크관리(은행)	금융리스크	2017
BIBA491	(주말)금융시장분석(은행)	금융교육과정	2017
BIBA493	FP 실무(경기분석과 재무설계)(은행)	재무자산교육과정	2017
BIBA494	FP 실무(종합 세무설계)(은행)	재무자산교육과정	2017
BIBA495	FP 실무(보험 및 은퇴설계)(은행)	재무자산교육과정	2017
BIBA496	FP 실무(금융자산 투자설계)(은행)	재무자산교육과정	2017
BIBA497	FP 실무(부동산 투자설계)(은행)	재무자산교육과정	2017
BIBA498	NH-금융MBA 후속교육(은행)	최고위과정	2017
BIBA499	자본시장법의 이해(은행)	법률교육과정	2017
BIBA500	감사 아카데미(고급)(은행)	내부감사	2017
BIBA503	R을 활용한 데이터 시각화(은행)	데이터분석	2017
BIBA509	문서작성을 위한 컴퓨터 활용실무(은행)	문서작성활용	2017
BIBA511	신입사원을 위한 셀프리더십(은행)	리더십역량강화	2017
BIBA512	R을 활용한 빅데이터 분석(은행)	데이터분석	2017
BIBA514	금융 빅데이터 분석 사례연구(은행)	데이터분석	2017
BIBA515	모바일금융 UX/UI 기획(은행)	웹/앱개발	2017
BIBA516	(생명)신용분석	기업/신용교육과정	2017
BIBA517	(생명) 여신법률	법률교육과정	2017
BIBA518	CRA(신용위험분석사)(은행)	기업/신용교육과정	2017
BIBA519	기획 및 문서작성 역량강화과정(은행)	경영교육과정	2017
BIBA520	기획 및 문서작성 역량강화과정(중)	경영교육과정	2017
BIBA527	STR 품질제고(은행)	경영교육과정	2017
BIBA528	기획 및 문서작성 역량강화과정(주말)(은행)	경영교육과정	2017
BIBA545	사내강사 양성과정(은행)	강사양성과정	2017
BIBA548	금융 4.0시대의 디지털마케팅(주말)(은행)	마케팅기획전략수립	2017
BIBA552	사업보고서와 감사보고서를 활용한 기업분석(주말)(은행)	기업/신용교육과정	2017
BIBA558	4차 산업혁명시대 스마트팜과 스마트팩토리(주말)(은행)	4차산업혁명의비즈니스/기술변화	2017
BIBA559	4차 산업혁명시대 스마트팜과 스마트팩토리(주말)(은행)	4차산업혁명의비즈니스/기술변화	2017
BIBA563	지점 경영과 마케팅 실천사례(주말)(은행)	마케팅기획전략수립	2017
BIBA565	4차 산업혁명과 금융ICT트렌드(주말)(은행)	4차산업혁명의비즈니스/기술변화	2017
BIBA567	국제공인신용장전문가(CDCS) 양성과정(주말)(은행)	금융교육과정	2017
BIBA573	디지털금융 최신기술 및 빅데이터마케팅(주말)(은행)	금융교육과정	2017
BIBA575	WM Level Up과정(은행)	재무자산교육과정	2017
BIBA576	영업본부 RM심화과정(은행)	RM교육	2017
BIBA579	WM Star과정(은행)	재무자산교육과정	2017
BIBA582	영업점관리자과정(은행)	직원입문	2017
BIBA584	부동산 투자상담(주말)(은행)	고객상담	2017
BIBA585	WM Level-up과정(중급)	재무자산교육과정	2018
BIBA586	WM Level-up과정(고급)	재무자산교육과정	2018
BIBA589	재무제표를 활용한 기업분석(주말)(은행)	기업/신용교육과정	2018
BIBA590	기업금융 RM 기초(은행)	RM교육	2018
BIBA592	거시경제로 보는 금융 시스템리스크관리(은행)	금융리스크	2018
BIBA595	파이썬을 활용한 데이터분석 기초(은행)	데이터분석	2018
BIBA596	파이썬을 활용한 빅데이터 분석(은행)	데이터분석	2018
BIBA597	자산운용 전략의 이해(은행)	재무자산교육과정	2018
BIBA598	농협은행 경기영업본부 RM 실습	RM교육	2018
BIBA601	비대면 고객 마케팅(주말)(은행)	마케팅기획전략수립	2018
BIBA603	농협 감정평가(고급)과정(은행)	재무자산교육과정	2018
BIBA604	CRA(신용위험분석사) 실무교육(은행)	기업/신용교육과정	2018
BIBA606	금융시장분석(지주)	금융교육과정	2018
BIBA607	영업점관리자과정(중앙회)	직원입문	2018
BIBA610	[NH지점장특강] 스피치와 프리젠테이션 스킬(주말)(은행)	대인의사소통	2018
BIBA611	스마트금융을 위한 기초 법률	법률교육과정	2018
BIBH004	부동산 자산관리(주말)(은행)	재무자산교육과정	2018
BIBH005	고객심리 분석과 상담(주말)(은행)	고객상담	2018
BIBH006	[디지털금융 아카데미]가상화폐와 블록체인(주말)(은행)	블록체인이해	2018
BIPA013	CFP 보수교육과정	재무자산교육과정	2017
BIPA014	영업본부 RM기본과정	RM교육	2018
BIPA016	토요 VIP 고객과의 소통을 위한 문화강좌	대인의사소통	2020
BKBA001	여신멘토링(강남)(은행)	기업/신용교육과정	2017
BKBA002	여신멘토링(강북)(은행)	기업/신용교육과정	2017
BKBA003	여신멘토링(강서)(은행)	기업/신용교육과정	2017
BKBA004	여신멘토링(중앙)(은행)	기업/신용교육과정	2017
BKBA005	여신멘토링(인천)(은행)	기업/신용교육과정	2017
BKBA006	여신멘토링(경기)(은행)	기업/신용교육과정	2017
BS3M006	투자의 정석-글로벌 자산운용과 사모펀드	금융교육과정	2019
BS3M008	자산관리 時代_포트폴리오&리밸런싱의 정석	재무자산교육과정	2019
BS3M010	(담보물 평가 및 권리분석(참고도서제공)	재무자산교육과정	2019
BS3M011	안정적인 기업부동산 자산관리 기법	재무자산교육과정	2019
BS3M017	배상책임법리(기초)	법률교육과정	2019
BS3M018	보험계약법 마스터	법률교육과정	2019
BS3M019	보험계약법(기초)	법률교육과정	2019
BS3M021	보험업법 마스터	법률교육과정	2019
BS3M026	성공을 부르는 보험상품별 마케팅 전략	마케팅기획전략수립	2019
BS3M034	금융의 정석_재무제표와 여신심사실무	재무자산교육과정	2019
BS3M039	실무에 바로 활용하는 신용분석	기업/신용교육과정	2019
BS3M040	전략적 여신의사결정	경영교육과정	2019
BS3M042	4차 산업혁명 시대의 성공적인 고객창출 및 상담영업전략	4차산업혁명의비즈니스/기술변화	2019
BS3M044	신용분석의 입문	기업/신용교육과정	2019
BS3M045	신용카드마케팅실무	마케팅기획전략수립	2019
BS3M046	퇴직연금마케팅실무	마케팅기획전략수립	2019
BS3M047	금융인을 위한 회계 첫걸음	회계일반	2019
BS3M049	펀드상품상담	고객상담	2019
BS3M051	금융회사 내부회계관리제도(ICFR) 기본 교육	회계일반	2019
BS3M052	"(금융지주)인공지능(AI) 프로그래밍_Machine Learning(머신러닝) 기초(파이썬 라이브러리 numpy, pandas)"	머신러닝딥러닝	2019
BS3M053	(금융지주)법인세조정계산서 작성 실무	재무자산교육과정 vs 직원입문	2019
BS3M055	(금융지주)투자의 정석-글로벌 자산운용과 사모펀드	금융교육과정	2019
BS3M057	(금융지주)4차 산업혁명 첫 걸음	4차산업혁명의비즈니스/기술변화	2019
BS3M058	(상시)재미있게 배우는 리스크관리	금융리스크	2019
BS3M059	K-IFRS Ⅰ(금융지주)	회계일반	2019
BS3M062	4차 산업혁명 블록체(금융지주)	4차산업혁명의비즈니스/기술변화	2019
BS3M064	(금융지주)클라우드 인프라 및 관리 실무과정	클라우드컴퓨팅	2019
BS3M065	(금융지주) 금융회사 내부회계관리제도(ICFR) 기본교육	회계일반	2019
BS3M066	(금융지주)인공지능(AI) 프로그래밍_Machine Learning(머신러닝)을 위한 데이터처리 Part.1	머신러닝딥러닝	2019
BS3M067	[금융지주]클라우드 인프라 및 관리 실무과정	클라우드컴퓨팅	2019
BS3M071	인공지능(AI) 프로그래밍_Machine Learning(머신러닝)을 위한 데이터처리 Part.2(금융지주)	머신러닝딥러닝	2019
BS3M077	IB첫걸음 - M&A & PEF	기업/신용교육과정	2020
BS3M082	예비PB를 위한 투자환경 분석	재무자산교육과정	2020
BS3M085	부동산 투자상담기본	고객상담	2020
BS3M086	예비PB를 위한 고객상담 스킬	고객상담	2020
BS3M087	예비PB를 위한 투자환경 분석	재무자산교육과정	2020
BS3M089	업무에 바로 써먹는 영어 비즈니스 메일 공략법	언어교육	2020
BS3M090	15초 따라 하기 비즈니스 영어	언어교육	2020
BS3M093	재무제표 분석을 위한 New IFRS	재무자산교육과정	2020
BS3M094	실무에 바로 활용하는 신용분석 - 비상장 및 소호	기업/신용교육과정	2020
BS3M104	"변화의 시대, 스스로 성장하는 신입사원"	직원입문	2020
BS3M108	업무효율을 높이는 Excel 2016	문서작성활용	2020
BS3M109	업무효율을 높이는 PowerPoint 2016	문서작성활용	2020
BS3M110	엑셀2010 함수와 매크로 활용	문서작성활용	2020
BS3M111	"회의의 기술, 퍼실리테이션으로 소통을 디자인하라!"	대인의사소통	2020
BS3M117	직장인을 위한 실무 파워포인트 2016(금융지주)	문서작성활용	2020
BS3M121	"4차 산업혁명 시대의 비즈니스 혁명, 플랫폼을 잡아라(금융지주)"	4차산업혁명의비즈니스/기술변화	2020
BS3M122	K-IFRS Ⅱ(금융지주)	회계일반	2020
BS3M123	"인공지능(AI) 프로그래밍_파이썬을 활용한 머신러닝, 딥러닝 기초 다지기 Part.2(금융지주)"	머신러닝딥러닝	2020
BSAM001	농협 금융리더를 위한 DT-AI 인사이트	DigitalTransformation이해	2019
BSPD002	은행 FP	재무자산교육과정	2019
BSPD003	AFPK 종합반	재무자산교육과정	2019
BSPD006	사례중심의 재무회계실무(참고도서제공)	회계일반	2019
BSPD007	자산관리 時代_금융시장의 정석	재무자산교육과정	2019
BSPD008	자산관리 時代_대안투자 상품의 정석	재무자산교육과정	2019
BSPD009	자산관리 時代_투자 컨설팅의 정석	재무자산교육과정	2019
BSPM001	『영업점 관리자』(중앙회)	직원입문	2017
BSPM002	투자자산운용사 문제풀이반(은행)	재무자산교육과정	2018
BSPM003	업무에 바로 쓰는 SQL튜닝 입문(참고도서제공)[스마트러닝]	프로그래밍일반	2019
BSPM007	금융소비자를 사로잡는 뉴로마케팅	마케팅기획전략수립	2019
BSPM010	투자의 정석-글로벌 자산운용과 사모펀드	금융교육과정	2019
BSQM001	"[현장고수]상극도 내편으로 만드는 소통비법, 커뮤니데아(참고도서제공)[스마트러닝]"	대인의사소통	2019
BSQM002	SPRINT - 구글 벤처스의 5일만에 기획부터 실행까지 끝내는 법(참고도서제공)[스마트러닝]	경영교육과정	2019
BSQM003	만화로 배우는 알기쉬운 법률상식[스마트러닝]	법률교육과정	2019
BSQM004	만화로 배우는 알기쉬운 경영기초_관리회계[스마트러닝]	회계일반	2019
BSQM006	인공지능(AI) 프로그래밍_Machine Learning(머신러닝)을 위한 데이터처리 Part.2[스마트러닝]	머신러닝딥러닝	2019
BSQM007	"인공지능(AI) 프로그래밍_파이썬을 활용한 Machine Learning(머신러닝), Deep Learning(딥러닝) 기초 다지"	머신러닝딥러닝	2019
BSQM010	"파이썬을 활용한 Machine Learning(머신러닝), Deep Learning(딥러닝) 기초 다지기 Part.2"	머신러닝딥러닝	2019
BSQM011	"파이썬을 활용한 Machine Learning(머신러닝), Deep Learning(딥러닝) 기초 다지기 Part.1"	머신러닝딥러닝	2019
BSQM014	"핵심 꿀팁편_늘 보던 엑셀,멋진 날개를 달다!(금융지주)"	문서작성활용	2019
BSQM015	4차 산업혁명 경영학_인문학으로 보는 4차 산업혁명(금융지주)	4차산업혁명의비즈니스/기술변화	2019
BSQM017	쉽고 빠르게 익히는 Excel 2010 VBA(금융지주)	문서작성활용	2019
BSQM018	죽은 문서 살리는 인포그래픽 패턴(금융지주)	문서작성활용	2019
BSQM019	"4차 산업혁명 시대의 新비즈니스 전략, 매개하라!(금융지주)"	4차산업혁명의비즈니스/기술변화	2019
BSQM020	테슬라가 말한다!4차 산업혁명과 인공지능의 미래(금융지주)	4차산업혁명의비즈니스/기술변화	2020
BSQM021	이리오너라! 쉽게 쓰고 배우는 한글2014가 왔소이다(금융지주)	문서작성활용	2020
BSQM022	"[오단기 파워포인트 2013] 핵심 꿀팁편_늘 보던 파워포인트, 멋진 날개를 달다!(금융지주)"	문서작성활용	2020
BT3K004	호감을 전달하는 보이스 트레이닝	대인의사소통	2019
BT4K002	금융정보보호 관련 법제도의 이해	정보보안	2018
BTBK001	SAS프로그래밍 활용(고급)(은행)	프로그래밍일반	2019
BTBK002	기술신용평가사 실무과정	기업/신용교육과정	2019
BU3K005	회계원리와 재무제표 작성(금융)	회계일반	2019
BU3K010	자본시장법의 이해(금융)	법률교육과정	2019
BU3K014	기업금융RM고급과정	RM교육	2019
BU3K016	금융회사 내부회계관리(ICFR) 심화 교육	회계일반	2019
BUBA001	금융윤리와 법	법률교육과정	2019
BUBK001	데이터베이스 모델링 실습	데이터베이스	2019
BUBK002	딥러닝 알고리즘	머신러닝딥러닝	2019
BUBK003	파이토치(PyTorch)를 활용한 딥러닝 실습	머신러닝딥러닝	2019
BUBK005	R을 활용한 경제시계열 분석	데이터분석	2019
BUBK007	SQL 프로그래밍	프로그래밍일반	2019
BUBK008	암호화폐와 블록체인 인사이트	블록체인이해	2019
BUBK009	KBI 금융MBA : R을 활용한 실전데이터실습	최고위과정	2019
BUBK011	파이썬을 활용한 데이터 분석(은행)	데이터분석	2019
BUBK012	산업분석(건설업)	기업/신용교육과정	2019
BVGL001	4차 산업혁명과 미래투자	4차산업혁명의비즈니스/기술변화	2019
BVGL002	고객 상담을 위한 생애설계 기초	고객상담	2019
BVGL003	고객상담을 위한 상속 및 증여세 실무	고객상담	2019
BVGL005	라이프사이클에 따른 개인자산관리	재무자산교육과정	2019
CAAA008	(농)고객접점CS기본	CS역량강화	2017
CAAA009	'17년 경제지주 7급신규직원 과정	직원입문	2017
CAAA011	경매직 7급신규직원교육	직원입문	2018
CABK001	유통사업장CS리더(마스터)양성과정	CS역량강화	2017
CAPA007	CS마스터양성교육	CS역량강화	2018
CAPA017	MD 향상교육	상품기획역량	2019
CAPA019	공판사업관리 및 운영 향상교육	경영교육과정	2019
CAPA021	공판사업관리 및 운영 실무교육	경영교육과정	2019
CAPA025	소매유통마케팅 실무교육	마케팅기획전략수립	2019
CAPA027	MD 기초교육	상품기획역량	2019
CDBA104	영업협상실무(농경)	대인의사소통	2017
CDDA008	연세대 경영전문대학원 최고경영자 과정	최고위과정	2018
CDPA001	기획담당자 업무능력개발	경영교육과정	2017
CDPA004	기획담당자 업무능력개발	경영교육과정	2017
CDPA005	부가가치세 실무	회계일반	2017
CDPA009	영업사원을 위한 회계세무기초	회계일반	2018
CDPA010	유통상권과 입지분석 실무	재무자산교육과정	2018
CDPA020	긍정의 힘 리더십 최고위 과정	최고위과정	2018
CDPA021	회생회사 및 파산법인에 대한 채권회수	기업/신용교육과정	2018
CDPA024	마케팅 ISMS/PIMS(정보보호관리체계) Build-Up	정보보안	2018
CDPA025	연구기획핵심실무	경영교육과정	2018
CDPA026	식품오염 물질분석 이해과정	성분분석	2018
CDPA032	경영기획실무	경영교육과정	2018
CDPA033	기획담당자를 위한 전략기획서 작성 실무	문서작성활용	2018
CDPA039	중금속 분석과정	성분분석	2018
CDPA042	"보존료, 산화방지제 분석 과정"	성분분석	2018
CDPA046	4차산업혁명과 식품외식산업	4차산업혁명의비즈니스/기술변화	2018
CDPA048	히트상품 기획 및 개발 실무	경영교육과정	2018
CDPA049	구매협상 능력 개발	대인의사소통	2018
CDPA050	건설사업관리기술자승급중급전문2기	경영교육과정	2018
CDPA053	빅데이터 처리와 분석을 통한 비지니스 인사이트	데이터분석	2018
CDPA054	브랜드마케팅 커뮤니케이션 전략	대인의사소통	2018
CDPA055	교육운영 실무	경영교육과정	2018
CDPA056	동물보건최고경영자과정	최고위과정	2019
CDPA059	"중금속, 타르색소 분석과정"	성분분석	2019
CDPA063	(공판)마케팅리더과정	마케팅기획전략수립	2019
CKAJ001	테스트(경제지주)	test	2017
CRBC001	2017코드테스트	test	2017
CTAK001	4차산업 농업용무인기	4차산업혁명의비즈니스/기술변화	2020
DSQM001	(축산경제) 경읽남 김광석의 글로벌 경제 핫이슈- 디지털 트랜스포메이션	DigitalTransformation이해	2020
EAAA038	농축협 7급 신규직원과정	직원입문	2017
EAAA039	조합장 가치경영 전략(리더십)	경영교육과정	2017
EAAA040	조합장 가치경영 전략(마케팅)	경영교육과정	2017
EAAA041	조합장 가치경영 전략(재무)	경영교육과정	2017
EAAA042	조합장 가치경영 전략	경영교육과정	2017
EAPA014	Plus매니저(PM)양성과정	프로젝트관리	2017
EAPA017	리스크관리전문역 심화과정	금융리스크	2017
EAPA019	PM역량 향상과정	프로젝트관리	2017
EGAD023	더 헤아리는 서비스 CS3.0	CS역량강화	2017
EGAD025	CRM을 활용하여 고객 창출하기	CRM고객관리	2017
EGAD026	(고객전쟁의 시대!) 고객이 찾아오는 CS 마케팅	CS역량강화	2018
EGPD014	공인중개사 1차 - 부동산학개론	재무자산교육과정	2017
EGPD015	공인중개사 1차 - 민법 및 민사특별법	재무자산교육과정	2017
EGPD016	공인중개사 2차 - 부동산공법	재무자산교육과정	2017
EGPD017	공인중개사 2차 - 부동산공시법령	재무자산교육과정	2017
EGPD018	공인중개사 2차 - 부동산세법	재무자산교육과정	2017
EGPD019	공인중개사 2차 - 중개 법령 및 실무	재무자산교육과정	2017
EGPD020	[Must Pass] 컴퓨터활용능력 2급 필기(2007버전)	문서작성활용	2017
EKAA001	CS3.0 현장교육	CS역량강화	2017
ES3M003	(농축협)4차 산업혁명 리딩전략_스마트물류/유통	4차산업혁명의비즈니스/기술변화	2019
ES3M008	(농축협)금융인의 영업력 향상을 위한 고객 설득 전략	고객상담	2019
ES3M009	(농축협)담보물 평가 및 권리분석	기업/신용교육과정	2019
ES3M010	(농축협)디지털 마케팅 성공전략	마케팅기획전략수립	2019
ES3M011	(농축협)만화로 배우는 알기쉬운 경영기초_관리회계	회계일반	2019
ES3M012	(농축협)상황을 바꾸는 말의 힘! 당당한 CS 대화법	대인의사소통	2019
ES3M015	(농축협)자산관리 時代_금융시장의 정석	재무자산교육과정	2019
ES3M017	(농축협)자산관리 時代_대안투자 상품의 정석	재무자산교육과정	2019
ES3M022	(농축협)한눈에 쏙쏙! 신선식품 상품개발 및 품질관리 실무	경영교육과정	2019
ES3M023	(농축협)한눈에 쏙쏙! 점포운영 실무	경영교육과정	2019
ES3M027	(상호금융) 리스크관리전문역 보수	금융리스크	2019
ES3M029	금융소비자를 사로잡는 뉴로마케팅(농축협)	마케팅기획전략수립	2019
ES3M031	(농축협)클라우드로 성장하는 기업들	클라우드컴퓨팅	2020
ES3M032	(농축협)비즈니스 핵심 경쟁력! 클라우드 활용 체크포인트	클라우드컴퓨팅	2020
ES3M034	(농축협)부동산 경매와 권리분석	재무자산교육과정	2020
ES3M035	(농축협)부동산 권리분석	재무자산교육과정	2020
ESAM001	"농,축협 안전지킴이! 자점감사 사고예방"	내부감사	2019
ESBM001	효과적인 타겟마케팅을 위한 CRM 실전활용법	CRM고객관리	2020
ESQM001	(농축협) 제4차 산업혁명_미래 시장을 지배하라!	4차산업혁명의비즈니스/기술변화	2019
ESQM002	"(농축협)4차 산업혁명, 이것만 알면 다 된다! - 5G(공유경제, 자율주행자동차/드론)"	4차산업혁명의비즈니스/기술변화	2019
ESQM003	(농축협)죽은 문서 살리는 인포그래픽 패턴	문서작성활용	2019
ESQM005	(농축협)산업 전반에 파고든 '4차 산업혁명'	4차산업혁명의비즈니스/기술변화	2019
ESQM007	(농축협)#키워드로 배우는 마케팅 입문	마케팅기획전략수립	2019
ESQM009	"(농축협)데이터 분석편_늘 보던 숫자,멋진 정보가 되다!"	데이터분석	2019
ESQM010	"(농축협)핵심 꿀팁편_늘 보던 엑셀,멋진 날개를 달다!"	문서작성활용	2019
ESQM011	"(농축협)핵심 꿀팁편_늘 보던 파워포인트, 멋진 날개를 달다!"	문서작성활용	2019
ESQM012	"(농축협)슬라이드 디자인편_늘 보던 문서,멋진 비주얼이 되다!"	문서작성활용	2019
ESQM013	(농축협)4차 산업혁명 경영학_인문학으로 보는 4차 산업혁명	4차산업혁명의비즈니스/기술변화	2019
ESQM015	(농축협)4차 산업혁명 시대의 새로운 비즈니스 모델	4차산업혁명의비즈니스/기술변화	2019
ESQM016	"4차 산업혁명 시대의 新비즈니스 전략, 매개하라!"	4차산업혁명의비즈니스/기술변화	2019
ESQM017	(농축협)4차 산업혁명과 뉴칼라[비즈니스 생존전략]	4차산업혁명의비즈니스/기술변화	2019
ESQM018	(농축협)CS관리자가 꼭 알아야 할 한국형 현장코칭 솔루션	CS역량강화	2019
ESQM020	(농축협)CS담당자가 꼭 알아야 할 한국형 고객불만 솔루션	CS역량강화	2019
ESQM021	"(농축협)농업, 스마트를 품다_4차 산협혁명시대 우리 농업이 가야 할 길"	4차산업혁명의비즈니스/기술변화	2019
ESQM022	(농축협)나쁜 리더십 버리기_변화로 성장하는 완전한 리더십	리더십역량강화	2019
ESQM024	(농축협)달용 대리의 백만인과 소통하는 SNS 노하우	대인의사소통	2019
ESQM025	(농축협)테슬라가 말한다!4차 산업혁명과 인공지능의 미래	4차산업혁명의비즈니스/기술변화	2019
ESQM026	(농축협)이리오너라! 쉽게 쓰고 배우는 한글2014가 왔소이다	문서작성활용	2019
ESQM027	(농축협)4차 산업혁명 완전정복	4차산업혁명의비즈니스/기술변화	2019
ESQM028	(농축협)힐링톡톡! 감정노동자의 감정관리 노하우	마인드컨드롤	2019
ESQM029	(농축협)직장인 자존감 수업	마인드컨드롤	2019
ESQM030	"(농축협)4차 산업혁명, ICT New Trend"	4차산업혁명의비즈니스/기술변화	2019
ESQM031	"(농축협)4차 산업혁명, 이것만 알면 다 된다! - 사이버위험"	4차산업혁명의비즈니스/기술변화	2019
ESQM035	"(농축협)디지털 경영혁신, 어떻게 4차 산업혁명시대를 지배할 것인가"	4차산업혁명의비즈니스/기술변화	2019
ESQM036	(농축협)전사원이 준비하는 4차 산업혁명 전략 솔루션	4차산업혁명의비즈니스/기술변화	2019
ESQM038	"인공지능, 제4차 산업혁명을 리드하라!(농축협)"	4차산업혁명의비즈니스/기술변화	2019
ESQM039	'4차 산업혁명' 이슈 브리핑(농축협)	4차산업혁명의비즈니스/기술변화	2019
ESQM040	"4차 산업혁명 시대의 비즈니스 혁명, 플랫폼을 잡아라(농축협)"	4차산업혁명의비즈니스/기술변화	2019
ESQM041	(농축협)4차 산업혁명 시대를 이끄는 신성장동력	4차산업혁명의비즈니스/기술변화	2019
ESQM042	(농축협)가성비를 올리는 스마트 CS	CS역량강화	2020
EXBD006	상호금융 Pre-MBA 과정	최고위과정	2017
EXPD079	[상호금융] 리스크관리전문역 보수	금융리스크	2018
FAAA200	(하)범농협 신규직원 통합교육과정(안성)	직원입문	2017
FAAA201	(하)범농협 신규직원 통합교육과정(중앙)	직원입문	2017
FAAA202	(경제지주)범농협 신규직원 통합교육과정(안성)	직원입문	2017
FAAA203	(경제지주)범농협 신규직원 통합교육과정(중앙)	직원입문	2017
FAAA204	3급 성과리더십 과정	리더십역량강화	2017
FAAA205	4급 혁신적 실행리더십 과정	리더십역량강화	2017
FAAA206	5급 자기주도적 리더십 과정	리더십역량강화	2017
FAAA209	범농협 신규직원 농촌현장체험(이념중앙)	농축산업교육	2018
FAAA210	범농협 신규직원 농촌현장체험(안성)	농축산업교육	2018
FAAA211	범농협 신규직원 농촌현장체험(창녕)	농축산업교육	2018
FAAA212	범농협 신규직원 농촌현장체험(경주)	농축산업교육	2018
FAAA213	범농협 신규직원 농촌현장체험(청주)	농축산업교육	2018
FAAA214	범농협 신규직원 농촌현장체험(세종)	농축산업교육	2018
FAAA215	(하)7급 신규입문 과정	직원입문	2018
FAAA217	"신규직원 입문교육(통합,직무)"	직원입문	2018
FAAA218	신규직원입문교육	직원입문	2018
FAAA220	(농)사업장마케팅 실무과정	마케팅기획전략수립	2018
FAAA221	(하)사업장마케팅 실무과정	마케팅기획전략수립	2018
FAAA227	6급신규직원입문(청주)	직원입문	2018
FAAA228	6급신규직원입문(안성)	직원입문	2018
FAAA230	(하)세무회계준법 실무과정	회계일반	2018
FAAA231	7급 신규직원 입문교육	직원입문	2018
FAAA235	범농협 신규직원 농촌현장체험(구례)	농축산업교육	2018
FAAA236	범농협 신규직원 농촌현장체험(구미)	농축산업교육	2018
FAAA237	범농협 신규직원 통합교육(경주)	직원입문	2018
FAAA238	7급 스타트업	직원입문	2019
FAAA240	CS베이직	CS역량강화	2019
FAAA241	3급 리더십 과정(필수학점 부여)	리더십역량강화	2019
FAAA242	4급 리더십 과정(필수학점 부여)	리더십역량강화	2019
FAAA243	5급 리더십 과정(필수학점 부여)	리더십역량강화	2019
FAAA246	마트마케팅 아카데미	마케팅기획전략수립	2019
FAAA250	임직원교육	직원입문	2019
FAAA252	6급 신규직원 교육(현장체험)	직원입문	2019
FAAA253	6급 신규직원 교육(이념)	직원입문	2019
FAAA254	CS마스터 기본	CS역량강화	2019
FAAA256	특별채용 신규직원 입문과정	직원입문	2019
FAAA257	5급 신규직원 교육(이념)	직원입문	2019
FAAA258	5급 신규직원 교육(현장체험)	직원입문	2019
FAAA259	CS 마스터 심화	CS역량강화	2019
FAAA261	마트컨설턴트 마케팅	마케팅기획전략수립	2019
FAAA262	6급 신규직원 입문과정	직원입문	2019
FAAA264	신규직원 입문교육(6급)	직원입문	2019
FAAA265	신규직원교육(디지털)	직원입문	2020
FABA163	현장지원단 RM 기본교육(은행)	RM교육	2017
FABA171	(농)전문컨설턴트 마케팅	마케팅기획전략수립	2017
FABA175	(하)전문컨설턴트 마케팅	마케팅기획전략수립	2017
FABA177	(농)마트사업 MBA과정	최고위과정	2017
FABA178	(경)전문컨설턴트 마케팅	마케팅기획전략수립	2017
FABA179	(하)MD 최고아카데미	상품기획역량	2018
FABA181	(하)신규입문과정	직원입문	2018
FABA182	(농)CS마스터양성	CS역량강화	2018
FABA183	(하)CS마스터양성	CS역량강화	2018
FABA188	마트 MBA	최고위과정	2019
FAPA012	(하)CRM실무과정	CRM고객관리	2017
FAPA013	(농)CRM실무과정	CRM고객관리	2017
FAPA020	세무조사 대책실무	회계일반	2019
FAPA021	CS마스터 심화	CS역량강화	2019
FAPA022	최고경영자 리스크관리	금융리스크	2019
FAPA023	VIP 세무전문가	회계일반	2019
FAPA024	경영기획 향상교육	경영교육과정	2019
FAPA025	5급 신규직원 교육(직무)	직원입문	2019
FAPA026	마트컨설턴트(마케팅)과정	마케팅기획전략수립	2019
FAPA031	[하_마트]유통사업장 CS 베이직	CS역량강화	2020
FAPA032	[농_마트]유통사업장 CS 베이직	CS역량강화	2020
FAPA036	[농_마트]유통사업장 CS 베이직	CS역량강화	2020
FAPA037	[하_마트]유통사업장 CS 베이직	CS역량강화	2020
FAPA038	[농]하나로마트 CS 베이직	CS역량강화	2020
FAPA039	[하]하나로마트 CS 베이직	CS역량강화	2020
FAPA040	[농_마트]하나로마트 마트마케팅 아카데미	마케팅기획전략수립	2020
FAPA041	[하_마트]하나로마트 마트마케팅 아카데미	마케팅기획전략수립	2020
FBGC263	2017년 통신연수 과정코드 통합_범농협 공통과정	직원입문	2017
FBGC266	PC관리 및 정보보호	정보보안	2017
FBGC267	개인정보보호 이해	정보보안	2017
FBGC273	보험상담 실전화법	고객상담	2017
FBGC275	스마트 농업유통마케팅	마케팅기획전략수립	2017
FBGC278	회계 실무 가이드	회계일반	2017
FBGC279	"손해사정사 1차(손해사정이론,보험업법,보험계약법)"	재무자산교육과정	2017
FBGC280	MBA기초_경영편	최고위과정	2017
FBGC281	MBA기초_금융편	최고위과정	2017
FBGC283	기업분석과 가치투자	기업/신용교육과정	2017
FBGC285	세무실무 마스터	회계일반	2017
FBGC288	AFPK 모듈 1	재무자산교육과정	2017
FBGC289	AFPK 모듈 2	재무자산교육과정	2017
FBGC290	AFPK 종합	재무자산교육과정	2017
FBGC291	CFP 양성과정 1	재무자산교육과정	2017
FBGC292	CFP 양성과정 2	재무자산교육과정	2017
FBGC296	개인고객상담법률(가계여신)	고객상담	2017
FBGC297	리스크관리의 이해	금융리스크	2017
FBGC300	신용분석기초	기업/신용교육과정	2017
FBGC302	여신법률(채권계약)기초	법률교육과정	2017
FBGC303	개인고객 상담 기초	고객상담	2017
FBGC305	전략적 대출마케팅 실무	마케팅기획전략수립	2017
FBGC306	농산물 마케팅 실무	마케팅기획전략수립	2017
FBGC308	부동산개발 법률과 세무(농협)	법률교육과정	2017
FBGC311	농산물품질관리사	농축산업교육	2017
FBGC312	여신담보 법률	법률교육과정	2017
FBGC313	물류관리사	경영교육과정	2017
FBGC314	유통관리사	경영교육과정	2017
FBGC315	노사관계 실무	경영교육과정	2017
FBGC316	유통 MD입문(농협)	상품기획역량	2017
FBGC317	농협세무(농협)	회계일반	2017
FBGC318	수신법률	법률교육과정	2017
FBGC319	인사총무 담당자의 업무능력 강화(농협)	인사관리	2017
FBGC320	수산물품질관리사	농축산업교육	2017
FBGC322	CS리더스관리사	리더십역량강화	2017
FBGC323	S-MAT(서비스경영자격)	경영교육과정	2017
FBGC324	영업점통합마케팅역량강화	마케팅기획전략수립	2017
FBGC326	CRM(고객관계관리)마케팅	CRM고객관리	2017
FBGC328	담보감정평가실무	재무자산교육과정	2017
FBGC331	협상스킬향상	대인의사소통	2017
FBGC335	기업회계기초	회계일반	2017
FBGC336	재무제표를 활용한 기업분석	기업/신용교육과정	2017
FBGC338	신용분석기초(집합평가)	기업/신용교육과정	2017
FBGC341	산업분석기초	기업/신용교육과정	2017
FBGC343	부동산권리분석	재무자산교육과정	2017
FBGC347	기업세무기초	회계일반	2017
FBGC348	개인세무기초	회계일반	2017
FBGC349	개인고객 상담 기초(집합평가)	고객상담	2017
FBGC351	자산관리를 위한 포트폴리오 설계	재무자산교육과정	2017
FBGC352	금융마케팅기초	마케팅기획전략수립	2017
FBGC353	개인금융종합마케팅	마케팅기획전략수립	2017
FBGC355	부동산관계법률	법률교육과정	2017
FBGC359	무역영어기초	언어교육	2017
FBGC367	수신법률기초	법률교육과정	2017
FBGC368	여신법률(채권계약)기초(집합평가)	법률교육과정	2017
FBGC369	여신법률(담보관리)기초	법률교육과정	2017
FBGC370	여신법률(채권회수)기초	법률교육과정	2017
FBGC371	개인고객상담법률(가계여신)(집합평가)	고객상담	2017
FBGC373	리스크관리기초	금융리스크	2017
FBGC377	자산관리를 위한 포트폴리오 설계	재무자산교육과정	2018
FBGC378	여신법률(담보관리)기초	법률교육과정	2018
FBGC380	리스크 관리의 이해	금융리스크	2018
FBGC382	여신회수 법률	법률교육과정	2018
FBGC390	개인정보보호 이해	정보보안	2018
FBGC391	자산관리를 위한 포트폴리오 설계(집합)	재무자산교육과정	2018
FBGC392	여신법률(담보관리)기초(집합)	법률교육과정	2018
FCJH015	어학고시 (新HSK)	언어교육	2017
FCJH016	어학고시 TOEIC	언어교육	2017
FCJH017	어학고시 JPT	언어교육	2017
FD4A001	(생명) 정보보호시스템 운영관리 실무	정보보안	2018
FD4A003	(생명)SW 품질관리 과정 (S/W공학)	소프트웨어공학	2018
FD4A004	(생명) 정보통신 기반시설 정보보호 업무실무	정보보안	2018
FD4A005	(생명) 금융모바일 악성코드 공격과 대응	정보보안	2018
FD4A006	(생명) 웹취약점 분석과 시큐어코딩	정보보안	2018
FD4A008	"(생명) Oracle SQL, SQL Tuning"	데이터베이스	2018
FD4A009	(생명) 산업제어시스템 공격대응 실습 훈련	정보보안	2018
FD4A010	(생명) 클라우드 컴퓨팅 이해와 분석	클라우드컴퓨팅	2018
FD4A011	(생명) 웹취약점 분석과 시큐어코딩	정보보안	2018
FD4A013	(생명) 4차 산업혁명과 금융 비즈니스 모델	4차산업혁명의비즈니스/기술변화	2018
FDAA020	(생명) FP SUMMER ACADEMY	재무자산교육과정	2018
FDAA027	점포리뉴얼실무(상권 입지분석 및 레이아웃)	재무자산교육과정	2018
FDAA028	함께 성과내는 협업리더십	리더십역량강화	2018
FDAZ001	디지털 트랜스포메이션 대응 전략과정	DigitalTransformation이해	2018
FDBA466	비즈니스협상스킬	대인의사소통	2017
FDBA467	연세글로벌 자산투자 최고위 과정	최고위과정	2017
FDBA468	[디자인] 누구나 쉽게 배울 수 있는 Illustrator 활용 실무	문서작성활용	2017
FDBA469	everything DISC 강사양성과정	강사양성과정	2017
FDBA472	내부감사 실무	내부감사	2017
FDBA473	내부감사인이 알아야할 재무회계정보 이해	내부감사	2017
FDBA475	마케팅통계자료분석입문	데이터분석	2017
FDBA476	물동량 데이터 분석을 통한 물류현장개선 실무과정	데이터분석	2017
FDBA478	물류센터 거점운영계획	경영교육과정	2017
FDBA481	베테랑MD의 협상실무와 가격관리 기법	상품기획역량	2017
FDBA482	부동산개발 타당성분석 향상	재무자산교육과정	2017
FDBA483	부문별 내부 감사종합	내부감사	2017
FDBA484	사업타당성 입문	경영교육과정	2017
FDBA485	사업타당성분석실무	경영교육과정	2017
FDBA486	세무회계입문	회계일반	2017
FDBA494	컬러코칭 강사양성	강사양성과정	2017
FDBA495	"평가 및 급여, 인센티브제 운영실무"	경영교육과정	2017
FDBA496	MD 글로벌 소싱을 통한 PB 차별화 전략	상품기획역량	2017
FDBA497	계정과목별 회계와 세무해설NEW	회계일반	2017
FDBA499	기업회계실무	회계일반	2017
FDBA500	데이터 분석을 통한 고객 관계관리	CRM고객관리	2017
FDBA501	마케팅전략수립과 역량강화	마케팅기획전략수립	2017
FDBA502	법인세실무	재무자산교육과정 vs 직원입문	2017
FDBA503	"서비스, 설득의 기술"	대인의사소통	2017
FDBA504	"스토어매니저, 매장운영 효율성 향상"	경영교육과정	2017
FDBA506	전략적 사고와 기획력	경영교육과정	2017
FDBA507	지분법회계와 연결회계실무NEW	회계일반	2017
FDBA509	커뮤니케이션스쿨	대인의사소통	2017
FDBA510	한 번에 통하는 One paper 보고서 작성	문서작성활용	2017
FDBA511	인스타그램 마케팅	마케팅기획전략수립	2017
FDBA512	(경)농협-연세대 유통마케팅 최고전문가과정	최고위과정	2017
FDBA521	건설사업관리(CM)과정 1(A)	경영교육과정	2017
FDBA522	건설사업관리(CM)과정2(A)	경영교육과정	2017
FDBA524	건설사업관리기술자승급특급전문2건축	경영교육과정	2017
FDBA526	세무조사 대응전략	회계일반	2017
FDBA527	법정관리인 강사 양성	강사양성과정	2017
FDBA531	(생명) 감사 아카데미(IT)	내부감사	2018
FDBA536	건설사업관리(CM)과정 3	경영교육과정	2018
FDBA539	4차 산업혁명 마케팅 대응 전략	4차산업혁명의비즈니스/기술변화	2018
FDBA540	파이썬을 활용한 데이터 분석기초	데이터분석	2018
FDBA542	SAS 기초통계분석	프로그래밍일반	2018
FDBA543	해외사모펀드 투자 실무	금융교육과정	2018
FDBA545	사업타당성실무	경영교육과정	2018
FDBA546	PMBOK기반의 프로젝트관리전문가(PMP)-주중	프로젝트관리	2018
FDBA548	MD를 위한 대규모유통업법 실무	상품기획역량	2018
FDBA550	자산운용전문인력 사전교육	재무자산교육과정	2018
FDBA553	4차 산업혁명시대의 사이버보안	4차산업혁명의비즈니스/기술변화	2018
FDBA558	사이버 투자자산운용사 등록	재무자산교육과정	2018
FDBA559	CS 강사향상과정	강사양성과정	2018
FDCH001	글로벌EnH 윤리준법상생건강 최고위 과정	최고위과정	2017
FDCK001	4차산업혁명리더십과정	4차산업혁명의비즈니스/기술변화	2019
FDPA005	통일리더십아카데미	리더십역량강화	2018
FDPA006	연세대 언론홍보 최고위과정	최고위과정	2018
FDPA008	(생명) 금융권 블록체인 도입 적용방안	블록체인이해	2018
FDPA009	(생명)ICS의 이해	강사양성과정	2018
FDPA015	(생명) WEB TREND 2018	웹/앱개발	2018
FDPA016	(생명)[강사양성과정]TA진단 전문가	강사양성과정	2018
FDPA020	(생명) SAS Programming 1&2	프로그래밍일반	2018
FDPA021	(생명) Web World Conference 2017	웹/앱개발	2018
FDPA023	(생명) 뉴미디어 마케팅 전략	마케팅기획전략수립	2018
FDPA025	(생명)CS강사양성 과정	강사양성과정	2018
FDPA026	(생명)CS전략수립 실무	CS역량강화	2018
FDPA028	(생명) 부동산자산관리사 양성 과정	재무자산교육과정	2018
FDPA029	(생명) 감사 아카데미(고급)	내부감사	2018
FDPA031	(생명) 감사최고책임자 세미나	내부감사	2018
FDPA032	(생명) SAS MACRO LANGUAGE : 1 기초	프로그래밍일반	2018
FDPA033	(생명) SAS 기초통계 분석	프로그래밍일반	2018
FDPA037	데이터를 통한 마케팅 이노베이션 과정	마케팅기획전략수립	2018
FDPA040	"(생명) 인공지능(AI)의 핵심기술, “딥러닝”"	머신러닝딥러닝	2018
FDPA045	인사조직 및 재무회계 진단 과정	회계일반	2019
FDPA048	2019년 불공정거래행위 규제전망부터 최신 심판결 분석까지	법률교육과정	2019
FDPA049	2019 전자상거래 관련 규제변화부터 주요 심판결 분석까지	법률교육과정	2019
FDPA053	부당내부거래 하반기 집행전망부터 주요심판결 분석까지	법률교육과정	2019
FDPA054	회생 파산실무	기업/신용교육과정	2019
FDPA055	마인드프로세싱 강사 양성과정	강사양성과정	2019
FDPA056	거시경제지표를 활요한 제무제표분석	재무자산교육과정	2019
FDPA057	4차 산업혁명 시대의 빅데이터 분석 실무	4차산업혁명의비즈니스/기술변화	2019
FDQA002	효과적인 설득의 기술	대인의사소통	2017
FDQA003	(생명) 동양 고전에서 배우는 리더십	리더십역량강화	2018
FDSA001	(생명) 해킹 방어를 위한 시큐어코딩	정보보안	2018
FDXA005	서울대 공공리더십과정	리더십역량강화	2019
FDXA006	전남대학교 경영전문대학원 최고경영자과정	최고위과정	2019
FDXA009	서울대 최고지도자 인문학과정(AFP)	최고위과정	2019
FDXA010	최고경영자 문화예술과정	최고위과정	2019
FDXA014	동국대 부동산자산관리 최고경영자과정	재무자산교육과정	2019
FDXA015	서울대 글로벌 최고경영자과정	최고위과정	2019
FDXA018	매경빅데이터 최고위과정	최고위과정	2019
FDXA019	금융보안 최고책임자 과정	최고위과정	2019
FGAD089	농심(農心)을 찾아 떠나는 여행(금융)	직원입문	2017
FGAD090	농심(農心)을 찾아 떠나는 여행(양곡)	직원입문	2017
FGAD093	범농협 협동조합론(신규직원)	직원입문	2017
FGAD094	(생명)농심(農心)을 찾아 떠나는 여행	직원입문	2017
FGAD095	2017년 정보보호 필수과정(부제:소 잃고 외양간 고친다?NO!)	정보보안	2017
FGAD097	"먼저 다가가는 서비스, CS 3.0"	CS역량강화	2017
FGAD098	"(하)먼저 다가가는 서비스, CS 3.0"	CS역량강화	2017
FGAD099	"(농)먼저 다가가는 서비스, CS 3.0"	CS역량강화	2017
FGAD103	정보보안 및 개인정보보호 사이버 교육	정보보안	2018
FGAD105	CFP	재무자산교육과정	2018
FGAD109	꼭 알아야 할 수신&세무 길라잡이	회계일반	2018
FGAD117	(상시) 농축협 법인세 신고실무	재무자산교육과정 vs 직원입문	2019
FGAD119	(상시) MD의 정석	상품기획역량	2019
FGAD141	파이썬 기초 과정	프로그래밍일반	2019
FGAD142	금융인을 위한 파이썬 프로젝트 과정	프로그래밍일반	2019
FGAD144	디지털 Skill-up(파이썬프로젝트)	프로그래밍일반	2019
FGAD146	"(마트)(농)고객완벽분석,고객과하나로"	CRM고객관리	2019
FGAD147	"(마트)(하)고객완벽분석,고객과하나로"	CRM고객관리	2019
FGPD055	한강우 테스트3	test	2017
FGPD067	재무위험관리사(국내FRM)	재무자산교육과정	2018
FGPD068	e-Test Professionals Excel 2010	문서작성활용	2018
FGPD069	e-Test Professionals PowerPoint 2010	문서작성활용	2018
FGPD071	"ITQ(정보기술자격) OA Master(2010)(한글, 엑셀, 파워포인트)"	정보보안	2018
FGPD073	"손해평가사 1차,2차 종합반"	재무자산교육과정	2018
FGPD074	워드프로세서 1급 실기	문서작성활용	2018
FGPD075	워드프로세서 1급 필기	문서작성활용	2018
FGPD076	은행 FP	재무자산교육과정	2018
FGPD078	전산회계 2급(필기+실기)	회계일반	2018
FGPD079	정보처리기사 필기	정보보안	2018
FGPD083	공인중개사 1차 - 종합반	재무자산교육과정	2018
FGPD084	공인중개사 2차 - 종합반	재무자산교육과정	2018
FGPD085	재경관리사	재무자산교육과정	2018
FGPD086	회계관리 1급 종합반	회계일반	2018
FGPD087	신용분석사 1부	기업/신용교육과정	2018
FGPD088	신용분석사 2부	기업/신용교육과정	2018
FGPD089	신용분석사 종합반	기업/신용교육과정	2018
FGPD090	투자자산운용사	재무자산교육과정	2018
FGPD091	투자자산운용사 문제풀이반	재무자산교육과정	2018
FGPD093	금융투자분석사	재무자산교육과정	2018
FGPD095	전산회계 1급(필기+실기)	회계일반	2018
FGPD096	재무위험관리사	재무자산교육과정	2019
FGQD044	"인공지능(AI) 프로그래밍_Machine Learning(머신러닝) 기초(파이썬 라이브러리 numpy, pandas)[스마트러닝]"	머신러닝딥러닝	2019
FGQD045	인공지능(AI) 프로그래밍_Machine Learning(머신러닝)을 위한 데이터처리 Part.1[스마트러닝]	머신러닝딥러닝	2019
FGQD046	R 프로그래밍(빅데이터 분석) 제대로 배우기 Part.1[스마트러닝]	데이터분석	2019
FGQD048	R 프로그래밍(빅데이터 분석) 제대로 배우기 Part.2[스마트러닝]	데이터분석	2019
FGQD049	[Micro]빅데이터 수집을 위한 파이썬 웹 크롤링[스마트러닝]	데이터분석	2019
FGQD050	"[Micro]블록체인, 암호학으로 쉽게 이해하기[스마트러닝]"	블록체인이해	2019
FGQD052	[Micro]나도 금손! 지나가던 팀장도 돌아보는 PPT 디자인[스마트러닝]	문서작성활용	2019
FGQD053	[Micro]디자이너 없이 뚝딱 만드는 디자인 콘텐츠 feat. 망고보드[스마트러닝]	경영교육과정	2019
FGQD056	"혁신적 통합사고, 디자인씽킹 20[스마트러닝]"	경영교육과정	2019
FGQD060	[Micro]회.알.못 탈출을 위한 회계기초 완전 정복(참고도서제공)[스마트러닝]	회계일반	2019
FGQD064	"4차 산업혁명 시대의 新창의적 사고, 수학적으로 사고하라(참고도서제공)[스마트러닝]"	4차산업혁명의비즈니스/기술변화	2019
FGQD065	직장인 자존감 수업(참고도서제공)[스마트러닝]	마인드컨드롤	2019
FGQD066	"4차 산업혁명 시대의 경제심리, 행동경제학에 주목하라!(참고도서제공)[스마트러닝]"	4차산업혁명의비즈니스/기술변화	2019
FGQD069	미래를 읽는 리더 3_4차 산업혁명(참고도서제공)[스마트러닝]	4차산업혁명의비즈니스/기술변화	2019
FGQD070	"[사이다]4차 산업혁명, 이것만 알면 다 된다! - 블록체인&빅데이터(참고도서제공)[스마트러닝]"	4차산업혁명의비즈니스/기술변화	2019
FGQD073	"[사이다]4차 산업혁명, 이것만 알면 다 된다! - 인공지능&사물인터넷&클라우드(참고도서제공)[스마트러닝]"	4차산업혁명의비즈니스/기술변화	2019
FGQD076	[툰러닝]무적핑크X신병주 교수의 조선왕조실톡(Talk) 리더십(참고도서제공)[스마트러닝]	리더십역량강화	2019
FGQD077	재무회계의 정석(참고도서제공)[스마트러닝]	회계일반	2019
FGQD080	디지털 마케팅 성공전략[스마트러닝]	마케팅기획전략수립	2019
FGQD081	빅데이터 분석을 통한 Business Insight[스마트러닝]	데이터분석	2019
FGQD082	R고 보면 쉬운 빅데이터 분석 실무 기초[스마트러닝]	데이터분석	2019
FGQD083	"[오단기 엑셀 2013]데이터 분석편_늘 보던 숫자,멋진 정보가 되다![스마트러닝]"	문서작성활용	2019
FGQD084	"[오단기 엑셀 2013]핵심 꿀팁편_늘 보던 엑셀,멋진 날개를 달다![스마트러닝]"	문서작성활용	2019
FGQD085	"[오단기 파워포인트 2013] 핵심 꿀팁편_늘 보던 파워포인트, 멋진 날개를 달다![스마트러닝]"	문서작성활용	2019
FGQD086	이리오너라! 쉽게 쓰고 배우는 한글2014가 왔소이다[스마트러닝]	문서작성활용	2019
FGQD087	"4차 산업혁명 시대의 新비즈니스 전략, 매개하라!(참고도서제공)[스마트러닝]"	4차산업혁명의비즈니스/기술변화	2019
FGQD088	CS관리자가 꼭 알아야 할 한국형 현장코칭 솔루션[스마트러닝]	CS역량강화	2019
FGQD090	법인세조정계산서 작성 실무(참고도서제공)[스마트러닝]	재무자산교육과정 vs 직원입문	2019
FGQD091	전사원의 업무능력 향상을 위한 기초세무(참고도서제공)[스마트러닝]	회계일반	2019
FGQD093	"쇼호스트 장문정의 세일즈 화법, 한마디면 충분하다!(참고도서제공)[스마트러닝]"	대인의사소통	2019
FGQD094	"[현장고수]고객의 욕망을 자극하는 커뮤니케이션, AIDOS(참고도서제공)[스마트러닝]"	대인의사소통	2019
FGRD001	컴퓨터활용능력시험 2급 필기	문서작성활용	2019
FGRD002	"ITQ 한글, 엑셀, 파워포인트 2010 자격증 한번에 따기"	정보보안	2019
FGRD003	e-Test Professionals Excel 2010	문서작성활용	2019
FGRD004	e-Test Professionals PowerPoint 2010	문서작성활용	2019
FGRD006	워드프로세서 1급 실기	문서작성활용	2019
FGRD007	워드프로세서 1급 필기	문서작성활용	2019
FGRD008	[Micro]검색해도 찾기 힘든 꼭 필요한 엑셀 함수[스마트러닝]	문서작성활용	2019
FGRD009	엑셀 VBA를 활용한 업무 생산성 향상 - (1) 프로그래밍 기본 개념과 엑셀 VBA	문서작성활용	2019
FGRD010	엑셀 VBA를 활용한 업무 생산성 향상 - (3) 사용자 정의 함수 업무에 활용하기	문서작성활용	2019
FHUA010	Red Hat JBoss Application Administration I	웹/앱개발	2018
FIBA033	자산운용 전략의 이해	재무자산교육과정	2018
FIBA035	모바일금융 UX/UI 기획	웹/앱개발	2018
FIBA037	문서작성을 위한 컴퓨터 활용실무	문서작성활용	2018
FIBA050	부동산 공부분석 향상(주말)(은행)	재무자산교육과정	2018
FIBA051	커뮤니케이션 스킬(주말)(은행)	대인의사소통	2018
FIBA052	신규고객 발굴기법(주말)(은행)	CRM고객관리	2018
FIBA053	4차 산업혁명과 미래투자(주말)(은행)	4차산업혁명의비즈니스/기술변화	2018
FIBA054	[NH지점장특강] 리더에게 필요한 설득과 협상스킬	리더십역량강화	2018
FIBA055	산업분석 기초	기업/신용교육과정	2018
FIBA056	사회초년생 자산관리	재무자산교육과정	2018
FIBA060	[NH지점장특강] 리더에게 필요한 설득과 협상스킬(주말)(은행)	리더십역량강화	2018
FIBA061	산업분석 기초(주말)(은행)	기업/신용교육과정	2018
FIBA062	사회초년생 자산관리(주말)(은행)	재무자산교육과정	2018
FJQA004	2018 조합장 컨퍼런스	최고위과정	2018
FS3M004	(중)R고 보면 쉬운 빅데이터 분석 실무 기초	데이터분석	2019
FS3M006	(중)4차 산업혁명 머신러닝	4차산업혁명의비즈니스/기술변화	2019
FS3M008	(중)4차 산업혁명 블록체인	4차산업혁명의비즈니스/기술변화	2019
FS3M009	(중)R 프로그래밍(빅데이터 분석) 제대로 배우기 Part.1	데이터분석	2019
FS3M010	(중)인공지능(AI) 프로그래밍_Machine Learning(머신러닝)을 위한 데이터처리 Part.1	머신러닝딥러닝	2019
FS3M011	[신규직원]디지털 START-UP(파이썬)	프로그래밍일반	2019
FS3M012	[신규직원]디지털 SKILL-UP(파이썬프로젝트)	프로그래밍일반	2019
FS3M013	(중)모든 것이 연결되는 세상! 쉽게 이해하는 IoT	사물인터넷(IoT)	2019
FS3M014	(중)R 프로그래밍(빅데이터 분석) 제대로 배우기 Part.2	데이터분석	2019
FS3M015	"(중) 인공지능(AI) 프로그래밍_파이썬을 활용한 머신러닝,딥러닝 기초다지기 part.2"	머신러닝딥러닝	2019
FS3M016	"(중)인공지능(AI) 프로그래밍_파이썬을 활용한 Machine Learning, Deep Learnin기초 다지기 Part.1"	머신러닝딥러닝	2019
FS3M017	(중)4차 산업혁명 AR/VR	4차산업혁명의비즈니스/기술변화	2019
FS3M018	(중)4차 산업혁명 딥러닝	4차산업혁명의비즈니스/기술변화	2019
FS3M019	데이터 분석 준전문가(ADsP) 자격증 따기 - 1과목 데이터 이해	데이터분석	2020
FS3M020	데이터 분석 준전문가(ADsP) 자격증 따기 - 2과목 데이터 분석 기획	데이터분석	2020
FS3M021	데이터 분석 준전문가(ADsP) 자격증 따기 - 3과목 데이터 분석 (R기초와 데이터 마트)	데이터분석	2020
FS3M022	데이터 분석 준전문가(ADsP) 자격증 따기 - 3과목 데이터 분석(정형 데이터 마이닝)	데이터분석	2020
FS3M023	데이터 분석 준전문가(ADsP) 자격증 따기 - 3과목 데이터 분석 (통계분석)	데이터분석	2020
FS3M024	데이터 분석 준전문가(ADsP) 자격증 따기 (종합반)	데이터분석	2020
FS3M025	물류관리사(종합반)	경영교육과정	2020
FS3M031	유통관리사2급 (종합반)	경영교육과정	2020
FS3M032	유통관리사2급(유통물류 일반관리)	경영교육과정	2020
FS3M033	유통관리사2급(상권분석)	경영교육과정	2020
FS3M034	유통관리사2급(유통정보)	경영교육과정	2020
FS3M035	농산물품질관리사(종합반)	농축산업교육	2020
FS3M042	물류관리사(물류관리론 기본이론&문제풀이)	경영교육과정	2020
FS3M043	물류관리사(화물운송론 기본이론&문제풀이)	경영교육과정	2020
FS3M044	물류관리사(국제물류론 기본이론&문제풀이)	경영교육과정	2020
FS3M045	물류관리사(보관하역론 기본이론&문제풀이)	경영교육과정	2020
FS3M046	물류관리사(물류관련법규 기본이론&문제풀이)	경영교육과정	2020
FS3M047	유통관리사2급(유통마케팅)	경영교육과정	2020
FS3M048	농산물품질관리사(농산물품질관련법령)	농축산업교육	2020
FS3M049	농산물품질관리사(농산물 유통론)	농축산업교육	2020
FS3M050	농산물품질관리사(원예작물학)	농축산업교육	2020
FS3M051	농산물품질관리사(수확 후 품질관리론)	농축산업교육	2020
FS3M052	정보처리기사 종합반	정보보안	2020
FS3M053	정보처리기사 실기	정보보안	2020
FS3M054	(사업관리) 데이터 분석 준전문가(ADsP) 자격증 따기 종합반	데이터분석	2020
FS3M055	(교육지원) 데이터 분석 준전문가(ADsP) 자격증 따기 종합반	데이터분석	2020
FS3M056	(사업관리) 신용분석사 종합반	기업/신용교육과정	2020
FS3M057	(교육지원) 신용분석사 종합반	기업/신용교육과정	2020
FS3M058	(사업관리) 투자자산운용사 종합반	재무자산교육과정	2020
FS3M059	(교육지원) 투자자산운용사 종합반	재무자산교육과정	2020
FS3M060	(사업관리) 금융투자분석사	재무자산교육과정	2020
FS3M061	(교육지원) 금융투자분석사	재무자산교육과정	2020
FS3M062	(사업관리) 재무위험관리사	재무자산교육과정	2020
FS3M063	(교육지원) 재무위험관리사	재무자산교육과정	2020
FS3M064	(사업관리) 회계관리 1급 종합반	회계일반	2020
FS3M065	(교육지원) 회계관리 1급 종합반	회계일반	2020
FS3M066	"(사업관리) 재경관리사(원가관리회계, 세무회계, 재무회계)"	재무자산교육과정	2020
FS3M067	"(교육지원) 재경관리사(원가관리회계, 세무회계, 재무회계)"	재무자산교육과정	2020
FS3M068	(사업관리) 공인중개사 1차 종합반	재무자산교육과정	2020
FS3M069	(교육지원) 공인중개사 1차 종합반	재무자산교육과정	2020
FS3M070	(사업관리) 공인중개사 2차 종합반	재무자산교육과정	2020
FS3M071	(교육지원) 공인중개사 2차 종합반	재무자산교육과정	2020
FS3M072	4차 산업혁명과 뉴칼라[비즈니스 생존전략]	4차산업혁명의비즈니스/기술변화	2020
FS3M073	직장인을 위한 실무 파워포인트 2016	문서작성활용	2020
FS3M074	직장인을 위한 실무 엑셀 2016_데이터 분석 입문	문서작성활용	2020
FSAD001	공인중개사 1차 - 부동산학개론	재무자산교육과정	2019
FSAM005	이문열의 초한지 리더십	리더십역량강화	2019
FSAM006	"4차 산업혁명, ICT New Trend"	4차산업혁명의비즈니스/기술변화	2019
FSAM011	(금융지주)2019년 정보보안 및 개인정보보호	정보보안	2019
FSAM018	"행복한 동행, 개인정보보호(경제지주)"	정보보안	2019
FSAM020	"행복한 동행,개인정보보호(양곡)"	정보보안	2019
FSPD001	공인중개사 1차 - 민법 및 민사특별법	재무자산교육과정	2019
FSPD002	공인중개사 2차 - 부동산공법	재무자산교육과정	2019
FSPD003	공인중개사 2차 - 부동산공시법령	재무자산교육과정	2019
FSPD004	공인중개사 2차 - 부동산세법	재무자산교육과정	2019
FSPD005	공인중개사 2차 - 중개 법령 및 실무	재무자산교육과정	2019
FSQM003	(중)산업 전반에 파고든 '4차 산업혁명	4차산업혁명의비즈니스/기술변화	2019
FSQM004	"(중)디지털 경영혁신, 어떻게 4차 산업혁명시대를 지배할 것인가"	4차산업혁명의비즈니스/기술변화	2019
FSQM005	(중)4차 산업혁명 경영학_인문학으로 보는 4차 산업혁명	4차산업혁명의비즈니스/기술변화	2019
FSQM006	(중)4차 산업혁명 시대의 새로운 비즈니스 모델	4차산업혁명의비즈니스/기술변화	2019
FSQM007	"(중)4차 산업혁명 시대의 경제심리, 행동경제학에 주목하라!"	4차산업혁명의비즈니스/기술변화	2019
FSQM008	(중)미래를 읽는 리더 3_4차 산업혁명	4차산업혁명의비즈니스/기술변화	2019
FSQM009	(중)전사원이 준비하는 4차 산업혁명 전략 솔루션	4차산업혁명의비즈니스/기술변화	2019
FSQM010	(중)최진기의 4차 산업혁명 시대의 생존 조건	4차산업혁명의비즈니스/기술변화	2019
FSQM012	"(중)4차 산업혁명 시대의 비즈니스 혁명, 플랫폼을 잡아라"	4차산업혁명의비즈니스/기술변화	2019
FSQM014	(중)스마트한 보고서 작성	문서작성활용	2019
FSQM016	(중)경읽남 김광석의 글로벌 경제 핫-이슈_디지털 트렌스포메이션	DigitalTransformation이해	2019
FSQM017	(중)갈등관리를 위한 협업소통 리더십	리더십역량강화	2019
FSQM018	e-Test Professionals Word 2010	문서작성활용	2020
FSQM019	e-Test Professionals Excel 2010	문서작성활용	2020
FSQM020	e-Test Professionals PowerPoint 2010	문서작성활용	2020
FSQM021	컴퓨터활용능력 2급 필기/실기(종합반)	문서작성활용	2020
FSQM022	워드프로세서 1급 (종합반)	문서작성활용	2020
FSQM024	OA 달인 필수! ITQ OA Master	정보보안	2020
FSZL001	"(독서)4차산업혁명시대, 당신은 준비하고 있습니까"	4차산업혁명의비즈니스/기술변화	2019
FSZL004	(독서)기죽지 않고 말잘하는 비즈니스 스피치 전략	대인의사소통	2019
FSZL006	(독서)리더가 낯선 당신도 좋은 리더가 되는법	리더십역량강화	2019
FSZL007	(독서)비즈니스 성과를 이끌어내는 협상의 정석	대인의사소통	2019
FSZL008	"(독서)비즈니스의 필수언어, 회계학 콘서트"	회계일반	2019
FSZL010	(독서)소비자를 팬으로 만드는 공감 마케팅 전략	마케팅기획전략수립	2019
FSZL016	"(독서)지속 성장하는 기업의 전략, 4차원 경영"	4차산업혁명의비즈니스/기술변화	2019
FSZL019	(독서)현장에서 바로 써먹는 기획과 비즈니스 문서 작성	문서작성활용	2019
FSZL021	(독서)일잘러의 조건! 기획서와 보고서 작성 노하우	문서작성활용	2019
FSZL026	(독서)당신의 마케팅을 풍요롭게 해줄 A to Z	마케팅기획전략수립	2019
FSZL029	(독서)기죽지 않고 말 잘하는 비즈니스 스피치 전략 (7월)	대인의사소통	2019
FSZL032	(독서)소비자를 팬으로 만드는 공감 마케팅 전략 (7월)	마케팅기획전략수립	2019
FSZL033	(독서)현장에서 바로 써먹는 기획과 비즈니스 문서 작성 (7월)	문서작성활용	2019
FSZL035	"(독서) 비즈니스의 필수 언어, 회계학 콘서트 (7월)"	회계일반	2019
FSZL037	"(독서)4차 산업혁명 시대, 당신은 준비하고 있습니까 (7월)"	4차산업혁명의비즈니스/기술변화	2019
FSZL038	(독서)비즈니스 성과를 이끌어내는 협상의 정석 (7월)	대인의사소통	2019
FSZL041	(독서) 명연사들에게 배우는 청중을 사로잡는 스피치 기술 (9월)	대인의사소통	2019
FSZL045	(독서) 진짜 마케팅이 고객을 움직인다! (9월)	마케팅기획전략수립	2019
FSZL046	(독서) 팀원의 역량을 최고로 끌어내는 성장의 리더십 (9월)	리더십역량강화	2019
FSZL048	(독서) 매출로 연결되는 온라인 마케팅 노하우 (9월)	마케팅기획전략수립	2019
FSZL050	(독서) 한 번에 끝내는 엑셀 & 파워포인트 & 문서 작성 (9월)	문서작성활용	2019
FSZL051	"(독서) 비즈니스의 필수 언어, 회계학 콘서트 (9월)"	회계일반	2019
FSZL052	(독서) 현장에서 바로 써먹는 기획과 비즈니스 문서 작성 (9월)	문서작성활용	2019
FSZL053	(독서) 비즈니스 성과를 이끌어내는 협상의 정석 (9월)	대인의사소통	2019
FSZL055	(독서) 기죽지 않고 말 잘하는 비즈니스 스피치 전략 (9월)	대인의사소통	2019
FSZL056	"(독서) 4차 산업혁명 시대, 당신은 준비하고 있습니까 (9월)"	4차산업혁명의비즈니스/기술변화	2019
FSZL060	(독서) 조직에서 인정받을 버릴 것 하나 없는 스피치 전략!	대인의사소통	2020
FSZL061	(독서) 최고의 결과를 이끌어내는 을의 협상법	대인의사소통	2020
FSZL062	"(독서) 칼퇴를 꿈꾸는 자들을 위한 엑셀, 파워포인트 파워팁"	문서작성활용	2020
FSZL064	(독서) 구닥다리 리더십에서 탈피하라! 요즘것들과의 소통 리더십	리더십역량강화	2020
FSZL069	(독서) IT의 시대에서 DT의 시대로! 미래를 이끄는 디지털 기술	DigitalTransformation이해	2020
FSZL080	"(독서) 마케터의, 마케터에 의한, 마케터를 위한 마케팅의 모든 것!"	마케팅기획전략수립	2020
FT3K001	빅데이터 활용 마케팅 실무	마케팅기획전략수립	2019
FT3K002	블록체인을 통한 Business Insight	블록체인이해	2019
FT3K003	디지털마케팅 커뮤니케이션	대인의사소통	2019
FT3K004	4차 산업혁명 비즈니스모델 구현	4차산업혁명의비즈니스/기술변화	2019
FT3K005	Python 라이브러리를 활용한 인공지능	머신러닝딥러닝	2019
FT3K007	SAS 프로그래밍 활용(Basic)	프로그래밍일반	2019
FT3K008	SAS 프로그래밍 활용(Advanced)	프로그래밍일반	2019
FT3K009	머신러닝 알고리즘과 활용방안	머신러닝딥러닝	2019
FT3K010	금융데이터 분석 및 리포팅	데이터분석	2019
FT3K011	동국대 핀테크/블록체인 최고위	최고위과정	2019
FT3K012	"Python을 이용한 빅데이터 수집, 분석, 시각화"	프로그래밍일반	2019
FT3K015	셀프리더십	리더십역량강화	2019
FT3K016	기업신용분석과 부실예측실무	기업/신용교육과정	2019
FT3K017	금융권 블록체인 보안적용 실무	블록체인이해	2019
FTAA002	[SMART WORK SERIES]2차 말하기와 글쓰기!기획력을 동시에 잡는 생각정리스킬	경영교육과정	2019
FTAA003	[SMART WORK SERIES]3차 알면 보고가 3시간 빨라지는 엑셀 활용	문서작성활용	2019
FTAA004	[SMART WORK SERIES]4차 알면 생활이 3시간 빨라지는 구글 및 스마트앱 활용	4차산업혁명의비즈니스/기술변화	2019
FTAA005	데이터 시각화 기초과정	데이터분석	2019
FTBK007	건설사업관리(CM)과정 4(A)	경영교육과정	2019
FTBK008	건설사업관리(CM)과정 1(A)	경영교육과정	2019
FTBK009	건설사업관리 최초 기본2(A)	경영교육과정	2019
FTQJ001	데이터마케팅전문가	마케팅기획전략수립	2019
FU3K001	국내외 스마트뱅크 플랫폼 분석	기업/신용교육과정	2019
FU3K002	옴니(Omni) 채널 마케팅 인사이트	마케팅기획전략수립	2019
FUAA001	클라우드컴퓨팅인사이트	클라우드컴퓨팅	2019
FUBA001	클라우드컴퓨팅기술	클라우드컴퓨팅	2019
FUBA002	클라우드컴퓨팅워크샵	클라우드컴퓨팅	2019
FUCK002	여성경영자양성과정[리더십]	리더십역량강화	2019
FVGL002	금융상품 비교분석 skill-up	기업/신용교육과정	2019
FVGL003	도전! 개인정보보호사	정보보안	2019
FVGL005	서비스경영자격(SMAT)-농협	경영교육과정	2019
FVGL006	식물보호산업기사	농축산업교육	2019
FVGL007	실무에 활용하는 여신거래법률 과정	법률교육과정	2019
FVGL008	실전 영업점 마케팅 코칭	마케팅기획전략수립	2019
FVGL009	실전협상능력	대인의사소통	2019
FVGL010	여신법률(담보관리)	법률교육과정	2019
FVGL013	차이나는 책임자의 소통과 지혜	대인의사소통	2020
FVGL014	실무에서 바로 쓰는 실전 문서 작성법	문서작성활용	2020
FVGL016	유병장수 시대를 대비한 보험인 메디컬 상담기법	고객상담	2020
FVGL017	시니어마케팅 전문가	마케팅기획전략수립	2020
FVGL018	현장 회계 레시피(재무제표와 원가관리)	회계일반	2020
FVGL021	고객 상담을 위한 생애설계 기초(집합평가)	고객상담	2020
FVGL022	종자(산업)기사	농축산업교육	2020
FVGL023	금융업 디지털 트랜스포메이션	DigitalTransformation이해	2020
FVGL025	밀레니얼 소통 리더십	리더십역량강화	2020
FVGL038	자산관리사(FP) Ⅰ	재무자산교육과정	2020
FVGL039	자산관리사(FP) Ⅱ	재무자산교육과정	2020
FWAD001	농협법/협동조합론	직원입문	2019
FWAD002	농협회계(중앙회)	회계일반	2019
FWAD003	농협회계(은행)	회계일반	2019
FWAD004	농협회계(생명보험)	회계일반	2019
FWAD005	[농협실무Ⅰ]기획/채권관리	경영교육과정	2019
FWAD011	협동조합론(농축협)	직원입문	2019
FWAD013	농협회계(농축협)	회계일반	2019
FWAD018	농협회계(손해보험)	회계일반	2019
FX3M001	한 장의 종이로 상사의 마음을 움직인다. 윤코치의 보고서 작성법	문서작성활용	2018
FXAD174	(경제지주)실전에 강한 직장인되기 프로젝트 Excel 2007	문서작성활용	2017
FXAD176	(경제지주)프로직장인을 위한 엑셀 2007 종결자 되기!	문서작성활용	2017
FXAD177	(OJT)[커뮤니케이션 클리닉] 진단툴로 풀어보는 소통의 혈액형	대인의사소통	2017
FXAD178	"(OJT)史記 리더십, 고전에서 혁신리더를 배우다"	리더십역량강화	2017
FXAD187	(OJT)농축협 법인세 신고실무	재무자산교육과정 vs 직원입문	2017
FXAF006	"(상시)史記 리더십, 고전에서 혁신리더를 배우다"	리더십역량강화	2017
FXAF007	(상시)재미있게 배우는 리스크관리	금융리스크	2017
FXAF010	(상시)정보보안! 예방에서 대응까지	정보보안	2017
FXAF014	(상시)실전 문서 완전정복! 파워포인트 2010 어드벤처	문서작성활용	2017
FXAF017	(상시)실전 문서 완전정복! 엑셀 2010 어드벤처	문서작성활용	2017
FXAF019	(상시)2016 신용카드 실무	직원입문	2017
FXAF020	(상시)[커뮤니케이션 클리닉] 진단툴로 풀어보는 소통의 혈액형	대인의사소통	2017
FXAF024	(상시)실전 문서 완전정복! 워드 2010 어드벤처	문서작성활용	2017
FXAF047	(상시)농축협 법인세 신고실무	재무자산교육과정 vs 직원입문	2017
FXAF053	(상시)[농협]상호금융 리스크 관리 기초	금융리스크	2017
FXAF055	(상시)슈퍼히어로 문서 정복 대작전	문서작성활용	2017
FXAF059	(상시)상호금융 Pre-MBA 과정	최고위과정	2017
FXAF064	"Playing 고객을 잡는 Flying 마케터, 소셜미디어 마케팅"	마케팅기획전략수립	2017
FXAF065	누구나 알지만 아무나 못쓰는 유용한 한글 2010	문서작성활용	2017
FXAF073	(상시)기업이 한 눈에 보이는 실전 인사총무 에센스	인사관리	2017
FXAF075	(상시)대통령 보고서를 통한 보고서 작성 스킬	문서작성활용	2017
FXAF078	다은주임님테스트	test	2018
FXAF079	[CS 웹툰] 업무를 반으로 줄이는 친한 고객 만들기	CS역량강화	2018
FXAF081	"We are the champion, 스포츠 리더십[감독편]"	리더십역량강화	2018
FXAF082	직장인의 자격 엑셀2010	문서작성활용	2018
FXAF083	직장인의 자격 파워포인트2010	문서작성활용	2018
FXAF084	리더의 발목을 잡는 결정장애의 비밀	경영교육과정	2018
FXAF085	"한눈에 들어오는 파워포인트 문서의 비밀, 인포그래픽 만들기"	문서작성활용	2018
FXAF088	(OJT)농심을 찾아 떠나는 여행	직원입문	2018
FXAF089	(상시)MD의 정석	상품기획역량	2018
FXAF090	5급 자기주도적 리더십 (사전교육)	리더십역량강화	2018
FXPD553	화난 고객과 쿨하게 소통하기	CRM고객관리	2017
FXPD555	공인중개사 1차 - 종합반	재무자산교육과정	2017
FXPD556	공인중개사 2차 - 종합반	재무자산교육과정	2017
FXPD558	물류관리사 문제풀이반	경영교육과정	2017
FXPD562	"4차 산업혁명, ICT New Trend"	4차산업혁명의비즈니스/기술변화	2017
FXPD566	"세기의 명차, 세기의 전략"	경영교육과정	2017
FXPD567	CEO 이순신이 보여주는 성공 경영전략	경영교육과정	2017
FXPD568	[팔색쇼] 꿀성대 직장인이 되는 보이스 트레이닝	대인의사소통	2017
FXPD571	한 장의 종이로 상사의 마음을 움직인다. 윤코치의 보고서 작성법	문서작성활용	2017
FXPD576	"新 군주론, 마키아벨리에게서 강한 리더십을 보다"	리더십역량강화	2017
FXPD578	공서영과 함께 하는 자체발광! 셀프리더십	리더십역량강화	2017
FXPD580	신용분석사 종합반	기업/신용교육과정	2018
FXZC614	(독서) 현명하게 일하는 직장인의 똑똑한 의사결정	경영교육과정	2017
FXZC616	"(독서) 상생을 위한 소통과 관계의 모색, 커뮤니케이션"	대인의사소통	2017
FXZC621	(독서) 4차 산업혁명에서 승리하는 시장의 지배자	4차산업혁명의비즈니스/기술변화	2017
FXZC623	"제4차 산업혁명 시대, 구글을 통해 배우는 미래 경영전략"	4차산업혁명의비즈니스/기술변화	2017
FXZC626	스마트하게 일하고 현명하게 대화하라!	대인의사소통	2017
FXZC635	좋은 리더를 넘어선 훌륭한 리더의 소통법	대인의사소통	2017
FXZC637	"상생을 위한 소통과 관계의 모색, 커뮤니케이션"	대인의사소통	2017
FXZC638	간결하고 공감을 얻는 소통의 기술	대인의사소통	2017
FXZC639	톡톡튀는 기획을 위한 비즈니스 창의력 키우기	경영교육과정	2017
FXZC640	야근은 줄이고 업무력을 높이는 팀장 리더십	리더십역량강화	2017
FXZC645	"4차 산업혁명시대, 새로운 전략을 세우고 지금 실행하라"	4차산업혁명의비즈니스/기술변화	2017
FXZC649	성장하고 싶다면 4차 산업혁명에 주목하고 대비하라	4차산업혁명의비즈니스/기술변화	2017
FXZC653	상대의 마음을 사로잡는 협상과 대화의 노하우	대인의사소통	2018
FXZC656	4차 산업혁명 시대의 업무혁신과 성과관리	4차산업혁명의비즈니스/기술변화	2018
FXZC659	한국 기업을 위한 4차 산업혁명의 미래 엿보기	4차산업혁명의비즈니스/기술변화	2018
FXZC660	품격있는 팀장의 업무 역량 및 리더십	리더십역량강화	2018
FXZC667	(독서)상대를 반하게 하는 킬러 프레젠테이션	대인의사소통	2018
FXZC668	(독서)상대에게 깊은 인상을 남기는 비즈니스 스피치의 모든 것	대인의사소통	2018
FXZC669	(독서)놀라운 업무 역량과 빛나는 커뮤니케이션 스킬	대인의사소통	2018
FXZC670	(독서)상대의 마음을 사로잡는 협상과 대화의 노하우	대인의사소통	2018
FXZC671	(독서)알아두면 쓸모있는 4차 산업 시대의 경제학	4차산업혁명의비즈니스/기술변화	2018
FXZC674	(독서)결정적 기회를 만드는 카멜레온 리더십	리더십역량강화	2018
FXZC675	(독서)4차 산업혁명 시대의 업무혁신과 성과관리	4차산업혁명의비즈니스/기술변화	2018
FXZC679	(독서)꽂히는 멘트로 사로잡는 세일즈 설득 비법	대인의사소통	2018
FXZC681	(독서)4차 산업혁명 시대를 이끌 테크놀로지	4차산업혁명의비즈니스/기술변화	2018
FXZC687	(독서)내 안의 기획력을 깨우는 기획 습관 만들기	경영교육과정	2018
FXZC697	(독서)TOP 세일즈맨의 커뮤니케이션 비결	대인의사소통	2018
FXZC698	(독서)상대에게 깊은 인상을 남기는 비즈니스 스피치의 모든 것	대인의사소통	2018
FXZC704	(독서)꽂히는 멘트로 사로잡는 세일즈 설득 비법	대인의사소통	2018
FXZC706	(독서)상대의 마음을 사로잡는 협상과 대화의 노하우	대인의사소통	2018
FXZC707	(독서)알아두면 쓸모있는 4차 산업 시대의 경제학	4차산업혁명의비즈니스/기술변화	2018
FXZC710	(독서)AI가 넘보지 못하는 의사결정의 지혜	경영교육과정	2018
FZAA003	효율적인 업무처리를 위한 엑셀 스킬 업	문서작성활용	2019
FZAM001	국제비즈니스 커뮤니케이션(영어)	언어교육	2020
FZAM002	국제비즈니스 커뮤니케이션(중국어)	언어교육	2020
FZAM003	국제비즈니스 커뮤니케이션(베트남어)	언어교육	2020
FZCZ006	집행간부 리더십역량 특별교육	리더십역량강화	2019
FZDZ002	KMA 리더스포럼 조찬회	최고위과정	2019
FZDZ003	KMA 최고경영자 조찬회	최고위과정	2019
FZDZ004	KSA 최고경영자 조찬회	최고위과정	2019
FZFZ001	2017년 국제비즈니스 커뮤니케이션 과정(영어)	언어교육	2017
FZFZ002	2017년 국제비즈니스 커뮤니케이션과정(중국어)	언어교육	2017
FZFZ003	국제 비즈니스 커뮤니케이션(영어)	언어교육	2018
FZFZ004	국제 비즈니스 커뮤니케이션(중국어)	언어교육	2018
FZFZ005	국제 비즈니스 커뮤니케이션(영어)(농)	언어교육	2018
FZFZ006	국제 비즈니스 커뮤니케이션(인도네시아어)	언어교육	2019
FZFZ007	국제 비즈니스 커뮤니케이션(베트남어)	언어교육	2019
FZFZ008	국제 비즈니스 커뮤니케이션(미얀마어)	언어교육	2019
FZQJ001	2018 NH농협 힐링캠프	마인드컨드롤	2018
FZQJ002	NH힐링캠프	마인드컨드롤	2019
FZQJ003	NH힐링캠프<자기계발 우수 신규직원>	마인드컨드롤	2019
GAPA002	소매유통마케팅 향상교육	마케팅기획전략수립	2019
GDPA001	이기는 분쟁협상 전략기법	대인의사소통	2018
GDPA002	내부감사입문	내부감사	2019
GDPA003	경영기획 실무교육	경영교육과정	2019
GGAD002	2017년 경제지주 개인정보보호 교육	정보보안	2017
GGPD002	"기획력, 어떻게 끌리는 플랜을 세울 것인가"	경영교육과정	2020
GGPD004	"빅데이터, 비즈니스의 미래를 읽다"	금융교육과정	2020
GGPD005	"브랜드 감성의 시대, 디자인 경영이 답이다"	경영교육과정	2020
GGPD006	아는 만큼 보이는 알짜배기 전략과 의사결정 기법	경영교육과정	2020
GGPD009	4차 산업혁명 리딩전략_스마트물류/유통	4차산업혁명의비즈니스/기술변화	2020
GGPD011	"CS편, 고객감동의 달인이 되다"	CS역량강화	2020
GGPD012	디자인씽커가 되어라! 디자인씽킹으로 업무하기	경영교육과정	2020
GGPD013	세상을 바꾸는 아이디어_혁신상품 기획의 비밀	경영교육과정	2020
GGPD014	ROI를 300% 높이는 디지털 마케팅_마케팅과 데이터 분석 편	데이터분석	2020
GGPD016	MD실무감각 익히기(MD실무)	상품기획역량	2020
GGPD017	MD실무 완성하기(MD심화)	상품기획역량	2020
GS3M001	R고 보면 쉬운 빅데이터 분석 실무 기초(경제지주)	데이터분석	2019
GS3M002	모든 것이 연결되는 세상! 쉽게 이해하는 IoT(경제지주)	사물인터넷(IoT)	2019
GS3M003	4차 산업혁명 AR/VR(경제지주)	4차산업혁명의비즈니스/기술변화	2019
GS3M004	4차 산업혁명 딥러닝(경제지주)	4차산업혁명의비즈니스/기술변화	2019
GS3M005	4차 산업혁명 블록체인(경제지주)	4차산업혁명의비즈니스/기술변화	2019
GS3M006	R 프로그래밍(빅데이터 분석) 제대로 배우기 Part.1(경제지주)	데이터분석	2019
GS3M007	인공지능(AI) 프로그래밍_Machine Learning(머신러닝)을 위한 데이터처리 Part.1(경제지주)	머신러닝딥러닝	2019
GS3M008	"인공지능(AI) 프로그래밍_파이썬을 활용한(머신러닝),(딥러닝) 기초 다지기 Part.1(경제지주)"	머신러닝딥러닝	2019
GS3M009	(경제지주) 내부회계관리제도(ICFR) 기본교육	회계일반	2019
GS3M010	"인공지능(AI) 프로그래밍_파이썬을 활용한 머신러닝,딥러닝 기초다지기 part.2(경제지주)"	머신러닝딥러닝	2019
GS3M011	인공지능(AI) 프로그래밍_Machine Learning(머신러닝)을 위한 데이터처리 Part.2(경제지주)	머신러닝딥러닝	2019
GS3M012	"인공지능(AI) 프로그래밍_파이썬을 활용한 Machine Learnin, Deep Learning 기초 다지기 Part.2(경제지주)"	머신러닝딥러닝	2019
GS3M013	"파이썬을 활용한 Machine Learning(머신러닝), Deep Learning(딥러닝) 기초 다지기 Part.2(경제지주)"	머신러닝딥러닝	2019
GSQM001	"4차 산업혁명 시대의 경제심리, 행동경제학에 주목하라!(경제지주)"	4차산업혁명의비즈니스/기술변화	2019
GSQM002	미래를 읽는 리더 3_4차 산업혁명(경제지주)	4차산업혁명의비즈니스/기술변화	2019
GSQM004	최진기의 4차 산업혁명 시대의 생존 조건(경제지주)	4차산업혁명의비즈니스/기술변화	2019
GSQM005	전사원이 준비하는 4차 산업혁명 전략 솔루션(경제지주)	4차산업혁명의비즈니스/기술변화	2019
GSQM007	R 프로그래밍(빅데이터 분석) 제대로 배우기 Part.2(경제지주)	데이터분석	2019
HAAA002	"6급신규직원 이념,현장체험(경주)"	직원입문	2018
HAAA003	"6급신규직원 이념,현장체험(세종)"	직원입문	2018
HAAA004	6급신규직원 직무과정	직원입문	2018
HAAA005	6급신규직원 직무과정(세종)	직원입문	2018
HAAA006	IT부문 신규직원 향상과정	직원입문	2019
HAAA007	IT부문 신규직원 향상과정	직원입문	2019
HAAK001	"6급신규직원 이념,현장체험(안성)"	직원입문	2018
HAPA001	마케팅 100℃(은행)	마케팅기획전략수립	2017
HAPA004	고객상담 및 설득력 강화 과정	고객상담	2018
HAPA005	고객관리(CRM) 과정	CRM고객관리	2019
HAPZ001	테스트	test	2018
HD4A003	Agile 기반의 프로젝트 관리 방법론	프로젝트관리	2019
HD4A004	실습으로 배우는 Agile 프로젝트 관리 실무	프로젝트관리	2019
HD4A006	클라우드 컴퓨팅 이해와 분석	클라우드컴퓨팅	2019
HD4A008	DevOps를 위한 도커와 쿠버네티스	웹/앱개발	2019
HDBA002	M&A 지도사 양성과정(은행)	기업/신용교육과정	2017
HDBA003	스트레스 Down 힐링 Up(은행)	마인드컨드롤	2017
HDBA004	관계스트레스 & 힐링과정(은행)	마인드컨드롤	2017
HDBA005	DISC CS&세일즈 강사양성과정(은행)	강사양성과정	2017
HDBA006	도형심리상담 1급 과정(은행)	마인드컨드롤	2017
HDBA008	SAS프로그래밍 활용과정(은행)	프로그래밍일반	2017
HDBA012	연세대 빅데이터 과정(IT-MBA)	최고위과정	2018
HDBA014	동국대 블록체인/dApp 기술 특별과정	웹/앱개발	2018
HDBA017	VOC 분석 및 전략수립(은행)	CRM고객관리	2018
HDBA019	전사 리스크관리 실무(은행)	금융리스크	2018
HDBA021	품질분임조 심사위원 양성 심화과정	경영교육과정	2018
HDBA022	CSS 전문가과정	웹/앱개발	2018
HDBA023	금융 리스크관리 특화(은행)	금융리스크	2018
HDBA026	빅데이터 분석과 시각화 입문(은행)	데이터분석	2019
HDBA027	빅데이터 분석기본(은행)	데이터분석	2019
HDBA028	IT 사내강사 양성과정	강사양성과정	2020
HDBA029	국민대 AI 빅데이터 MBA	최고위과정	2020
HDCA001	The Future of Creative:UX/UI Design Trends	웹/앱개발	2018
HDCA002	마음에 든든한 힘을 주는 힐링에너지	마인드컨드롤	2018
HDPA001	정보보호관리체계 국제심사원(ISO27001) 준비과정	정보보안	2017
HDPA003	악성소비자 대응전략	CRM고객관리	2017
HDPA005	부가가치세실무(삼일)	회계일반	2017
HDPA008	NH-금융MBA(외국환 College)(은행)	최고위과정	2018
HDPA009	NH-금융MBA(글로벌 College)(은행)	최고위과정	2018
HDPA010	NH-금융MBA(디지털 College)(은행)	최고위과정	2018
HDPA011	한양대 4차 산업혁명 전문리더 과정	4차산업혁명의비즈니스/기술변화	2018
HDPA012	빅데이터 분석과정(은행)	데이터분석	2018
HDPA013	KAIST 최고경영자(AIM)(은행)	최고위과정	2018
HDPA016	고급 리스크아카데미(은행)	금융리스크	2018
HDPA017	국가표준(KS) 품질경영 교육	경영교육과정	2019
HDPA018	부동산 투자상담 및 세금(주말)	고객상담	2019
HDPA019	부가가치세 신고서 작성 실무	회계일반	2019
HDPH001	블랙컨슈머 대응과 감정노동전략	CRM고객관리	2017
HDQA001	소통리더십	리더십역량강화	2018
HDRA001	HPE-UX 관리자 단기 집중 과정	웹/앱개발	2019
HDSA001	[올바른JAVA] Clean Code와 성능향상	프로그래밍일반	2019
HDSA003	iPhone App 개발 기본1	웹/앱개발	2019
HDVA001	SQL Server 2016 데이터베이스 운영	프로그래밍일반	2019
HDVA002	Elasticsearch Engineer	데이터베이스	2019
HDVA003	MS SQL Server 기본	프로그래밍일반	2019
HDVA004	Oracle SQL( Intro & Advanced)	데이터베이스	2019
HGPD002	2018 정보보호 사이버교육(은행)	정보보안	2018
HGPD008	All100플랜 실전 마케팅 <드라마타이즈>(은행)	마케팅기획전략수립	2018
HGPD010	특별자산펀드 투자권유자문인력(은행)	재무자산교육과정	2019
HGPD013	Outbound-CRM 활용(은행)	CRM고객관리	2019
HGPD016	신용장 국제규범의 이해(Pre-CDCS과정)(은행)	금융교육과정	2019
HGPD020	자점감사 실무(은행)	내부감사	2019
HGPD021	퇴직연금마케팅실무(은행)	마케팅기획전략수립	2019
HGQD001	프로직장인을 위한 엑셀2010 종결자 되기!	문서작성활용	2017
HGQD003	Indesign (인디자인) CC 2015 제대로 배우기	문서작성활용	2017
HGQD005	"4차 산업혁명, ICT New Trend"	4차산업혁명의비즈니스/기술변화	2017
HGQD012	"4차 산업혁명 경영학-가상현실, 불가능이 없는 새로운 세상!"	4차산업혁명의비즈니스/기술변화	2018
HGQD013	4차 산업혁명 경영학-인문학으로 보는 4차 산업혁명	4차산업혁명의비즈니스/기술변화	2018
HGQD015	[비즈니스 명견만리] 암호화폐와 블록체인이 만드는 4차산업혁명의 미래(은행)	4차산업혁명의비즈니스/기술변화	2018
HGQD016	[Compact CS-마인드편] 4차 산업혁명과 CS경영(은행)	4차산업혁명의비즈니스/기술변화	2018
HGQD017	[Compact CS-스킬편] 한국형 8大 고객불만 솔루션(은행)	CS역량강화	2018
HGQD018	[Compact CS-코칭편] CS현장관리 8大 고민타파(은행)	CS역량강화	2018
HGQD019	[비즈니스 명견만리] 손정의가 선택한 4차 산업혁명의 미래(은행)	4차산업혁명의비즈니스/기술변화	2018
HGQD020	English for Finance - Building up(은행)	언어교육	2018
HGQD022	스피치 스킬 업! 조직에서 Good Talker되기(은행)	대인의사소통	2018
HGQD023	"[역사+] 김진명의 고구려, 한민족 최강의 리더십을 말하다(은행)"	리더십역량강화	2018
HGQD028	"워라밸 심리상담, 트라우마 치유하기(은행)"	마인드컨드롤	2018
HGQD029	"[역사+] 김진명의 고구려, 한민족 최강의 리더십을 말한다(은행)"	리더십역량강화	2018
HGQD030	"4차산업혁명, 미래시장을 지배하라(은행)"	4차산업혁명의비즈니스/기술변화	2018
HGQD033	"인공지능(AI) 프로그래밍 - Machine Learning 기초(파이썬 라이브러리 numpy, pandas)(은행)"	머신러닝딥러닝	2018
HGQD034	"인공지능(AI) 프로그래밍 - 파이썬을 활용한 Machine Learning, Deep Learning 기초 다지기 Part.1(은행)"	머신러닝딥러닝	2018
HGQD036	[HD]Python(파이썬) 프로그래밍 제대로 배우기 Part.1(은행)	프로그래밍일반	2018
HGQD037	[HD]Python(파이썬) 프로그래밍 제대로 배우기 Part.2(은행)	프로그래밍일반	2018
HGQD038	[HD]R 프로그래밍(빅데이터 분석) 제대로 배우기 Part.1(은행)	데이터분석	2018
HGQD039	[HD]R 프로그래밍(빅데이터 분석) 제대로 배우기 Part.2(은행)	데이터분석	2018
HGQD040	"농업, 스마트를 품다_4차 산협혁명시대 우리 농업이 가야 할 길(은행)"	4차산업혁명의비즈니스/기술변화	2018
HGQD041	생각과 자료를 완벽하게 정리하는 보고서의 신(은행)	문서작성활용	2018
HGQD044	"[Work#] 스몰토크, 센스 있는 대화로 호감을 얻어라!(은행)"	대인의사소통	2018
HGQD046	"[직Lab] 혁신적 통합사고, 디자인씽킹 20(은행)"	경영교육과정	2018
HGQD047	"아나운서 정용실의 공감 언어, 소통의 대화법(은행)"	대인의사소통	2018
HGQD048	"인공지능(AI) 프로그래밍 - 파이썬을 활용한 Machine Learning, Deep Learning 기초 다지기 Part.2(은행)"	머신러닝딥러닝	2018
HH4A002	파이썬 입문	프로그래밍일반	2019
HH4A003	PMOK기반의 프로젝트관리전문가(PMP)	프로젝트관리	2019
HH4A004	PMOK기반의 프로젝트관리전문가(PMP)	프로젝트관리	2019
HHCA002	Digital Transformation 전략 과정	DigitalTransformation이해	2018
HHCA003	Digital Transformation 기술 과정	DigitalTransformation이해	2018
HHCA004	클라우드 실무자 과정	클라우드컴퓨팅	2018
HHCA006	데이터사이언스 테크 아카데미	데이터분석	2019
HHPA001	정보보안기사 과정	정보보안	2017
HHPA002	정보보안기사 실기대비	정보보안	2017
HHPA003	PM 양성 기본 교육	프로젝트관리	2017
HHPA004	전문사모운용사 백오피스(펀드세무회계)	회계일반	2020
HHPD003	이론과 실전의 PM 전문가!프로젝트 관리 한판승[스마트러닝]	프로젝트관리	2020
HHRA002	Veritas InfoScale 7.1 Fundamentals for UNIX/Linux : Administration Training	OS	2017
HHRA003	Linux system administration	OS	2017
HHRA004	Windows Server 2012 R2 관리자 과정	웹/앱개발	2017
HHRA008	Windows Server 2012 R2 Active Directory 도메인 서비스 구성 및 트러블슈팅	웹/앱개발	2018
HHSA004	Introduction to ABAP	회계일반	2017
HHSA007	Java Script 교육 [초급]	프로그래밍일반	2017
HHSA008	Windows Programming (C#) 기본교육	프로그래밍일반	2017
HHSA010	Java SE Programming	프로그래밍일반	2017
HHSA011	C# 핵심	프로그래밍일반	2019
HHSA012	iPhone App 개발 기본2	웹/앱개발	2019
HHSA013	빅데이터를 위한 파이썬	프로그래밍일반	2020
HHSA014	Elasticsearch Engineer	데이터베이스	2020
HHSA015	업무에 바로 쓰는 HTML5와 CSS3	웹/앱개발	2020
HHSA016	"Java Framework - Spring, iBatis, MyBatis 연동"	프로그래밍일반	2020
HHSA017	Swift Programming	웹/앱개발	2020
HHSA018	파이썬 핵심	프로그래밍일반	2020
HHSA019	Spring Framework를 활용한 OpenAPI 서비스 개발	프로그래밍일반	2020
HHSA020	[Big Data]R을 활용한 빅데이터 분석 및 활용실무	데이터분석	2020
HHSD001	AWS로 시작하는 클라우드 컴퓨팅(참고도서제공)[스마트러닝]	클라우드컴퓨팅	2020
HHSD002	데이터분석준전문가(ADsP)_데이터의 이해(참고도서제공)[스마트러닝]	데이터분석	2020
HHSM002	도커(Docker)로 시작하는 가상화&클라우드 컴퓨팅(참고도서제공)[스마트러닝]	클라우드컴퓨팅	2020
HHSM004	파이썬 기초부터 활용까지(참고도서제공)[스마트러닝]	프로그래밍일반	2020
HHSM006	HTML5 & JavaScript[스마트러닝]	웹/앱개발	2020
HHSM007	Cloud(클라우드) 컴퓨팅 기술의 이해 Part.1[스마트러닝]	클라우드컴퓨팅	2020
HHSM008	파이썬을 활용한 데이터 분석 및 시각화(참고도서제공)[스마트러닝]	프로그래밍일반	2020
HHSM010	JAVA 기초에서 실무까지 완전정복 하기(초급) Part.1[스마트러닝]	프로그래밍일반	2020
HHSM011	R고 보면 쉬운 빅데이터 분석 실무 기초[스마트러닝]	데이터분석	2020
HHSM012	JSP 프로그래밍 활용 Part.1[스마트러닝]	웹/앱개발	2020
HHTA001	Spring Cloud와 Docker를 이용한 MSA 핵심	클라우드컴퓨팅	2019
HHUA001	Perfect! 클라우드 데이터센터 핵심 기술 실무	클라우드컴퓨팅	2020
HHVA001	SQL server 2016: 관리자를 위한 주요 기능 활용 전문 과정	프로그래밍일반	2017
HHVA002	VMAX ALL FLASH AND VMAX3 Configuration Management	VMware(가상머신)	2017
HHVA003	VMAX ALL FLASH AND VMAX3 Business Continuity Management	VMware(가상머신)	2017
HHVA005	Oracle Database 12c: Backup and Recovery Workshop	데이터베이스	2017
HHVA006	Oracle DB SQL 기본	데이터베이스	2017
HHVA007	MS SQL Server 개발자	프로그래밍일반	2019
HHVA008	데이터모델링 기본	데이터베이스	2019
HHVA009	데이터 모델링 기본	데이터베이스	2019
HHVA010	Oracle Database 12c: SQL Tuning Workshop & Case Study	데이터베이스	2020
HHVA011	Oracle Database: Performance Management and Tuning	데이터베이스	2020
HHVD001	[직딩잇템]빅데이터 수집을 위한 파이썬 웹 크롤링[스마트러닝]	데이터분석	2020
HHVM001	업무에 바로 쓰는 SQL튜닝 입문(참고도서제공)[스마트러닝]	프로그래밍일반	2020
HHVM002	실습과 함께하는! 데이터베이스 Oracle 12c(참고도서제공)[스마트러닝]	데이터베이스	2020
HHVM003	MS SQL 2014 제대로 배우기 1[스마트러닝]	프로그래밍일반	2020
HI3A001	"토요 PB강좌 시리즈 : 경제신문, 경제지표 활용한 마케팅"	데이터분석	2019
HIBA002	CFP보수교육과정	재무자산교육과정	2017
HIBA003	부동산 투자상담과 개인세무(주말 제주)(은행)	고객상담	2017
HIBA005	PB/WM 에센스 시리즈 : 수익형 부동산과 주거형 부동산 투자(은행)	금융교육과정	2018
HIBA010	기업금융 에센스 시리즈 : 기업부실예측과 분식회계 Case Study(은행)	회계일반	2018
HIBA011	기업금융 에센스 시리즈 : 법정관리 회생절차와 워크아웃 Case Study(은행)	기업/신용교육과정	2018
HIPA003	PB/WM에센스시리즈 : 고객창출 세미나 기획과 키맨 마케팅(은행)	금융교육과정	2018
HIPA004	고객심리분석과 상담실습(은행)	고객상담	2018
HIPA006	SAS를 활용한 데이터 처리(은행)	프로그래밍일반	2018
HIPA007	빅데이터 분석을 위한 데이터 수집 전략(은행)	데이터분석	2018
HIPA008	(목금) 디자인 씽킹을 활용한 핀테크 비즈니스 기획 워크샵(은행)	경영교육과정	2018
HIPA013	옴니(Omni) 채널 마케팅 인사이트(은행)	마케팅기획전략수립	2018
HIPA014	기업금융 에센스 시리즈 : 상장기업 신용분석 핵심과 Case Study(은행)	기업/신용교육과정	2018
HIPA015	기업금융 에센스 시리즈 : 중소기업 신용분석 핵심과 Case Study(은행)	기업/신용교육과정	2018
HIPA016	PB/WM 에센스 시리즈 : ETF와 파생상품 활용(은행)	금융교육과정	2018
HIPA017	PB/WM 에센스 시리즈 : 글로벌 경제동향과 자산배분(은행)	금융교육과정	2018
HIPA018	로보어드바이저를 활용한 고객 자산관리(은행)	재무자산교육과정	2018
HIPA022	신용분석 단기 과정	기업/신용교육과정	2018
HIPA025	중소기업 신용분석(주말)(은행)	기업/신용교육과정	2018
HIPA026	신용분석 단기과정(주말)(은행)	기업/신용교육과정	2018
HIPA027	주거용 부동산 투자상담(주말)(은행)	고객상담	2018
HIPA038	동기부여와 팀활성화 리더십(주말)(은행)	리더십역량강화	2018
HIPA039	영문 금융계약서의 이해	언어교육	2018
HIPA040	영문 금융계약서의 이해(주말)(은행)	언어교육	2018
HIPA041	고객상담과 설득스킬(주말)(은행)	고객상담	2018
HIPA043	부동산 투자상담 및 세금(주말 부산)(은행)	고객상담	2018
HIPA046	AFPK 보수교육과정(은행)	재무자산교육과정	2018
HIPA050	빅데이터와 마케팅 활용(주말)	마케팅기획전략수립	2018
HIPA052	4차 산업혁명과 미래사회(주말 부산)	4차산업혁명의비즈니스/기술변화	2018
HIPA053	재무제표를 활용한 기업분석(부산)(은행)	기업/신용교육과정	2018
HIPA055	중소기업 신용분석(은행)	기업/신용교육과정	2018
HIPA056	부동산 투자상담 및 세금(주말 제주)(은행)	고객상담	2018
HIPA057	재무제표를 활용한 기업분석(주말 경북)(은행)	기업/신용교육과정	2018
HIPA058	나를 명품으로 만드는 셀프리더십(주말 전북)(은행)	리더십역량강화	2018
HIPA059	기업금융 마케팅(주말 서울)(은행)	마케팅기획전략수립	2018
HIPA060	PB 마케팅(주말 서울)(은행)	마케팅기획전략수립	2018
HIPA063	K-IFRS 재무제표분석 사례연구(은행)	재무자산교육과정	2018
HIPA066	실전형 기획보고서 작성 달인되기(은행)	문서작성활용	2018
HIPA071	PB/WM 에센스 시리즈 : 부동산 관련 세금과 상속증여세 Case Study(은행)	금융교육과정	2018
HIPA073	[NH지점장특강]지점경영과 마케팅 실천사례(주말)	마케팅기획전략수립	2018
HIPA074	감정평가 및 사례연구(주말)	재무자산교육과정	2018
HIPA077	금융영업 향상 협상 스킬(주말)	대인의사소통	2018
HIPA079	[디지털금융 아카데미] 4차 산업혁명 비즈니스 모델(주말)	4차산업혁명의비즈니스/기술변화	2018
HIPA081	[NH지점장특강]조직내 소통의 기술(주말)(은행)	대인의사소통	2018
HIPA082	스마트기기를활용한마케팅(주말)(은행)	마케팅기획전략수립	2018
HIPA085	파이썬(Python) 프로그래밍(은행)	프로그래밍일반	2019
HIPA086	KBI 금융MBA : Market Analytics(은행)	최고위과정	2019
HIPA087	KBI 금융MBA : 비정형 빅데이터 분석(은행)	최고위과정	2019
HIPA088	KBI 금융MBA : 디지털 플랫폼 비즈니스 기획 및 사례연구(은행)	최고위과정	2019
HIPA089	KBI 금융MBA : 디지털 고객경험디자인(은행)	최고위과정	2019
HIPA090	딥러닝의 이해와 활용가이드(은행)	머신러닝딥러닝	2019
HIPA091	암호화폐와 블록체인 인사이트(은행)	블록체인이해	2019
HIPA092	(주말) 여신법률(은행)	법률교육과정	2019
HJAA001	WM컨설팅 세미나	재무자산교육과정	2018
HJAA002	WM 컨설팅 세미나(수도권)	재무자산교육과정	2018
HJAA003	WM컨설팅 세미나(경기권)	재무자산교육과정	2018
HJAA004	WM 컨설팅 세미나(충청권)	재무자산교육과정	2018
HJAA005	WM 컨설팅 세미나(경상권)	재무자산교육과정	2018
HJAA006	WM 컨설팅 세미나(전라권)	재무자산교육과정	2018
HJPA002	WM 주말 틈새 교육	재무자산교육과정	2018
HJPA004	농협은행 Agile Boot Camp	프로젝트관리	2020
HJPJ006	WM연금로드쇼	재무자산교육과정	2019
HOAD001	설유진주임님 테스트	test	2018
HOPD005	절세미인 기초 세무상식	회계일반	2017
HOQD002	종합자산관리를 위한 세금설계(은행)	재무자산교육과정	2017
HOQD003	현장에서 통하는 투자상담 Skill Up(은행)	고객상담	2017
HOQD019	자산관리 時代 : 대안투자 상품의 정석 (은행)	재무자산교육과정	2018
HOQD020	자산관리 時代 : 주식투자 상품의 정석 (은행)	재무자산교육과정	2018
HOQD021	자산관리 時代 : 채권투자 상품의 정석(은행)	재무자산교육과정	2018
HOQD022	자산관리 時代 : 금융시장의 정석(은행)	재무자산교육과정	2018
HOQD023	자산관리 時代 : 투자 컨설팅의 정석(은행)	재무자산교육과정	2018
HOQD024	자산관리 時代 : 세금 컨설팅의 정석(은행)	재무자산교육과정	2018
HOQD025	자산관리 時代 : 은퇴설계의 정석(은행)	재무자산교육과정	2018
HOQD026	자산관리 時代 : 포트폴리오&리밸런싱의 정석(은행)	재무자산교육과정	2018
HS3M003	테스트	test	2018
HS3M004	장애인 고객 소통상담 실무과정 (은행)	고객상담	2018
HS3M005	외환기초와 리스크관리(은행)	금융리스크	2019
HS3M016	인공지능(AI) 프로그래밍_Machine Learning(머신러닝)을 위한 데이터처리 Part.2(은행)	머신러닝딥러닝	2019
HS3M017	"인공지능(AI) 프로그래밍_Machine Learning(머신러닝) 기초(파이썬 라이브러리 numpy, pandas)(은행)"	머신러닝딥러닝	2019
HS3M018	인공지능(AI) 프로그래밍_Machine Learning(머신러닝)을 위한 데이터처리 Part.1(은행)	머신러닝딥러닝	2019
HS3M019	빅데이터 수집을 위한 파이썬 웹 크롤링(은행)	프로그래밍일반	2019
HS3M021	회.알.못 탈출을 위한 회계기초 완전 정복(은행)	회계일반	2019
HS3M023	재무회계의 정석(은행)	회계일반	2019
HS3M024	디지털 마케팅 성공전략(은행)	마케팅기획전략수립	2019
HS3M025	CS관리자가 꼭 알아야 할 한국형 현장코칭 솔루션(은행)	CS역량강화	2019
HS3M026	전사원의 업무능력 향상을 위한 기초세무(은행)	회계일반	2019
HS3M027	"쇼호스트 장문정의 세일즈 화법, 한마디면 충분하다!(은행)"	대인의사소통	2019
HS3M028	만화로 배우는 알기쉬운 법률상식(은행)	법률교육과정	2019
HS3M029	4차 산업혁명 딥러닝(은행)	4차산업혁명의비즈니스/기술변화	2019
HS3M030	4차 산업혁명 블록체인(은행)	4차산업혁명의비즈니스/기술변화	2019
HS3M031	비즈니스를 위한 블록체인(은행)	블록체인이해	2019
HS3M032	꼭 알아야 할 블록체인 기본 개념(은행)	블록체인이해	2019
HS3M033	4차 산업혁명 AR/VR(은행)	4차산업혁명의비즈니스/기술변화	2019
HS3M035	CS담당자가 꼭 알아야 할 한국형 고객불만 솔루션(은행)	CS역량강화	2019
HS3M037	4차산업과 IoT융합(은행)	4차산업혁명의비즈니스/기술변화	2019
HS3M038	Working in the Cloud: 클라우드로 일하는 관점과 체크포인트(은행)	클라우드컴퓨팅	2019
HS3M039	영업점 파생상품 마케팅 역량 강화(은행)	마케팅기획전략수립	2019
HS3M041	Working in the Cloud: 클라우드로 성장하는 기업들(은행)	클라우드컴퓨팅	2020
HS3M042	"블록체인, 암호학으로 쉽게 이해하기(은행)"	블록체인이해	2020
HS3M044	"처음 시작하는 파이썬, 문법부터 시작하라(은행)"	프로그래밍일반	2020
HS3M045	4차 산업혁명 머신러닝(은행)	4차산업혁명의비즈니스/기술변화	2020
HS3M046	R고 보면 쉬운 빅데이터 분석 실무 기초(은행)	데이터분석	2020
HS3M047	만화로 배우는 알기쉬운 경영기초_관리회계(은행)	회계일반	2020
HS3M048	모든 것이 연결되는 세상! 쉽게 이해하는 IoT(은행)	사물인터넷(IoT)	2020
HS3M049	빅데이터 분석을 통한 Business Insight	데이터분석	2020
HS3M051	"인공지능 프로그래밍_파이썬을 활용한 머신러닝, 딥러닝 기초 다지기 Part.1(은행)"	머신러닝딥러닝	2020
HS3M052	"인공지능 프로그래밍_파이썬을 활용한 머신러닝, 딥러닝 기초 다지기 Part.2(은행)"	머신러닝딥러닝	2020
HS3M053	(은행)기업재무제표분석	재무자산교육과정	2020
HS3M056	(은행)고객자산관리실무(자산관리편)	재무자산교육과정	2020
HS3M057	(은행)고객자산관리실무(절세상담편)	재무자산교육과정	2020
HS3M060	전사원이 함께하는 회계원리	회계일반	2020
HS3M061	재무제표분석	재무자산교육과정	2020
HS3M067	사례로 배우는 여신계약 - 여신거래의 상대방	경영교육과정	2020
HS3M068	사례로 배우는 여신계약 - 일반	경영교육과정	2020
HS3M069	실무에 바로 활용하는 신용분석 - 상장기업	기업/신용교육과정	2020
HS3M070	예비PB를 위한 부동산상담	고객상담	2020
HS3M071	예비PB를 위한 세무상담	고객상담	2020
HS3M074	"한 장 보고서, 핵심을 꿰뚫는 장표로 승부하라!"	문서작성활용	2020
HS3M075	"감성충만 CS, 고객과의 행복지수를 높여라!"	CS역량강화	2020
HS3M079	사례로 배우는 여신법률(계약)	법률교육과정	2020
HS3M080	사례로 배우는 여신법률(여신관리)	법률교육과정	2020
HS3M082	English for Finance - Starting up	언어교육	2020
HS3M083	수신법률사례	법률교육과정	2020
HS3M084	사례로 배우는 여신법률(채권회수)	법률교육과정	2020
HS3M086	영업점실무법률	법률교육과정	2020
HS3M088	한 달 만에 끝내는 사업타당성분석	경영교육과정	2020
HS3M089	개인세무와 절세전략(부동산 관련세금)	회계일반	2020
HS3M090	개인세무와 절세전략(상속.증여세)	회계일반	2020
HS3M091	개인세무와 절세전략(소득세)	회계일반	2020
HS3M093	부동산 경매와 권리분석(은행)	재무자산교육과정	2020
HS3M094	부동산 권리분석(은행)	재무자산교육과정	2020
HS3M095	Cloud(클라우드) 컴퓨팅 기술의 이해 Part.2(은행)	클라우드컴퓨팅	2020
HSAM003	정보보안 및 개인정보보호(은행)	정보보안	2019
HSPM001	은행창구직원을 위한 장애인 고객 소통상담 실무(은행)	고객상담	2018
HSQM002	"[현장고수]상극도 내편으로 만드는 소통비법, 커뮤니데아(은행)"	대인의사소통	2019
HSQM003	"[오단기 파워포인트 2013]슬라이드 디자인편_늘 보던 문서,멋진 비주얼이 되다!(은행)"	문서작성활용	2019
HSQM004	SPRINT - 구글 벤처스의 5일만에 기획부터 실행까지 끝내는 법(은행)	경영교육과정	2019
HSQM006	만화로 배우는 알기쉬운 법률상식(은행)	법률교육과정	2019
HSQM008	"인공지능(AI) 프로그래밍_파이썬을 활용한 Machine Learning, Deep Learning 기초 다지기Part.1(은행)"	머신러닝딥러닝	2019
HSQM010	(은행)테슬라가 말한다!4차 산업혁명과 인공지능의 미래	4차산업혁명의비즈니스/기술변화	2019
HSQM011	(은행)전사원이 준비하는 4차 산업혁명 전략 솔루션	4차산업혁명의비즈니스/기술변화	2019
HSQM012	"(은행)디지털 경영혁신, 어떻게 4차 산업혁명시대를 지배할 것인가"	4차산업혁명의비즈니스/기술변화	2019
HSQM013	"4차 산업혁명, 이것만 알면 다 된다!(은행)"	4차산업혁명의비즈니스/기술변화	2019
HSQM014	4차 산업혁명 딥러닝(은행)	4차산업혁명의비즈니스/기술변화	2019
HSQM015	4차 산업혁명 블록체인(은행)	4차산업혁명의비즈니스/기술변화	2019
HSQM016	"슬라이드 디자인편_늘 보던 문서,멋진 비주얼이 되다!(은행)"	문서작성활용	2019
HSQM017	암호화폐와 블록체인이 만드는 4차산업혁명의 미래(은행)	4차산업혁명의비즈니스/기술변화	2019
HSQM018	4차 산업혁명 경영학_인문학으로 보는 4차 산업혁명(은행)	4차산업혁명의비즈니스/기술변화	2019
HSQM019	4차 산업혁명 첫 걸음(은행)	4차산업혁명의비즈니스/기술변화	2019
HSQM021	비즈니스를 위한 블록체인(은행)	블록체인이해	2019
HSQM022	꼭 알아야 할 블록체인 기본 개념(은행)	블록체인이해	2019
HSQM025	4차 산업혁명 이슈 브리핑(은행)	4차산업혁명의비즈니스/기술변화	2019
HSQM026	산업 전반에 파고든 '4차 산업혁명'(은행)	4차산업혁명의비즈니스/기술변화	2019
HSQM027	4차 산업혁명 완전정복(은행)	4차산업혁명의비즈니스/기술변화	2019
HSQM028	4차 산업혁명 AR/VR(은행)	4차산업혁명의비즈니스/기술변화	2019
HSQM029	4차 산업혁명 머신러닝(은행)	4차산업혁명의비즈니스/기술변화	2019
HSQM031	4차 산업혁명 시대의 새로운 비즈니스 모델(은행)	4차산업혁명의비즈니스/기술변화	2019
HSQM032	#키워드로 배우는 마케팅 입문(은행)	마케팅기획전략수립	2019
HSQM034	CS담당자가 꼭 알아야 할 한국형 고객불만 솔루션(은행)	CS역량강화	2019
HSQM035	"4차 산업혁명, 이것만 알면 다 된다! - 사이버위험(은행)"	4차산업혁명의비즈니스/기술변화	2019
HSQM036	클라우드 컴퓨팅 핵심기술 요소의 이해(은행)	클라우드컴퓨팅	2019
HSQM037	클라우드 인프라 및 관리 실무과정(은행)	클라우드컴퓨팅	2019
HSQM038	달용 대리의 백만인과 소통하는 SNS 노하우(은행)	대인의사소통	2019
HSQM039	4차 산업혁명과 뉴칼라[비즈니스 생존전략](은행)	4차산업혁명의비즈니스/기술변화	2019
HSQM041	"인공지능, 제4차 산업혁명을 리드하라(은행)"	4차산업혁명의비즈니스/기술변화	2019
HSQM042	나쁜 리더십 버리기_변화로 성장하는 완전한 리더십(은행)	리더십역량강화	2019
HSQM043	힐링톡톡! 감정노동자의 감정관리 노하우(은행)	마인드컨드롤	2019
HSQM045	제4차 산업혁명_미래 시장을 지배하라!(은행)	4차산업혁명의비즈니스/기술변화	2019
HSQM046	"처음 시작하는 파이썬, 문법부터 시작하라(은행)"	프로그래밍일반	2019
HSQM047	"처음 시작하는 파이썬, 구조를 학습하라(은행)"	프로그래밍일반	2019
HSQM048	Working in the Cloud: 클라우드로 성장하는 기업들(은행)	클라우드컴퓨팅	2019
HSQM049	"4차 산업혁명 시대의 비즈니스 혁명, 플랫폼을 잡아라(은행)"	4차산업혁명의비즈니스/기술변화	2019
HSVM001	실습과 함께하는! 데이터베이스 Oracle 12c(참고도서제공)[스마트러닝]	데이터베이스	2020
HT3K002	CS강사 양성과정	CS역량강화	2019
HT3K003	NH-금융MBA(경영 College)(은행)	최고위과정	2019
HT3K004	4.0시대! 창의적인 서비스 혁신을 위한 디자인 씽킹	경영교육과정	2019
HT3K005	최신 트렌드 CS교육 체계 수립 실무	CS역량강화	2019
HT3K007	건강한 고객관리를 위한 마인드 디톡스	마인드컨드롤	2019
HT3K011	기업신용평가 모델링	데이터베이스	2019
HT3K012	SQL 기본활용	프로그래밍일반	2019
HT3K013	SAS VDMML	프로그래밍일반	2019
HT3K014	블랙컨슈머 대응과 감정노동전략	CRM고객관리	2019
HT3K015	서비스 현장 문제해결을 위한 디자인씽킹 과정	경영교육과정	2019
HT3K017	개인정보 유출사고 대응훈련	정보보안	2019
HT3K019	Agile(Cell) 조직 운영 조기 정착을 위한 집합교육	프로젝트관리	2020
HTAK001	SQL 기본과정	프로그래밍일반	2018
HTAK002	문제행동소비자 대응 전략	CRM고객관리	2019
HTCK002	경쟁력 강화를 위한 강점기반 셀프리더십	리더십역량강화	2019
HTQK002	컴플레인 설득협상 전문가	CRM고객관리	2019
HU3A004	금융회사 내부회계관리(ICFR) 심화 교육	회계일반	2019
HU3K011	신규고객 발굴기법(기업)(주말)(은행)	CRM고객관리	2019
HU3K014	SNS를 활용한 금융바이럴마케팅(주말)(은행)	마케팅기획전략수립	2019
HU3K015	SQL 프로그래밍	프로그래밍일반	2019
HU3K016	기업여신 핵심포인트를 활용한 심사보고서 레벨-업(주말)(은행)	문서작성활용	2019
HU3K019	부동산투자 상담 및 세금(주말 경북)(은행)	고객상담	2019
HU3K020	금융4.0시대의 디지털 마케팅(주말)(은행)	마케팅기획전략수립	2019
HU3K021	R을 활용한 데이터 분석	데이터분석	2019
HU3K025	부동산등기분석향상(주말)(은행)	재무자산교육과정	2019
HU3K028	SAS를 활용한 데이터 분석	프로그래밍일반	2019
HU3K031	4차산업혁명과 미래투자(은행)(주말)	4차산업혁명의비즈니스/기술변화	2019
HU3K034	기업 외환리스크관리(은행)(주말)	금융리스크	2019
HU3K036	고객유형별 상담영업 전략(주말)(은행)	고객상담	2019
HU3K037	암호화폐와 블록체인 인사이트(주말)(은행)	블록체인이해	2019
HU3K041	WM자문센터 역량강화(은행)	재무자산교육과정	2020
HU3K042	상반기 경제전망 및 부동산 시장 분석	재무자산교육과정	2020
HU3K043	신규고객 발굴기법(개인)	CRM고객관리	2020
HU3K045	지점경영과 마케팅 실천사례	마케팅기획전략수립	2020
HU3K046	신규고객 발굴기법(기업)	CRM고객관리	2020
HU3K048	상반기 경제전망 및 부동산 시장 분석(주말)(은행)	재무자산교육과정	2020
HU3K049	신규고객 발굴기법(개인)(주말)(은행)	CRM고객관리	2020
HU3K050	지점경영과 마케팅 실천사례(주말)(은행)	마케팅기획전략수립	2020
HU3K054	기업금융 에센스 시리즈 : 주석분석 핵심과 Case Study	재무자산교육과정	2020
HU3K055	데이터를 활용한 부동산 시장 분석(은행)	재무자산교육과정	2020
HU3K056	VVIP고객발굴을 위한 고급 세미나 마케팅 워크샵(은행)	마케팅기획전략수립	2020
HU3M001	코로나19下의 글로벌 경제전망 및 부동산 시장분석(은행)	재무자산교육과정	2020
HU3M029	5월에 알아야 할 소득세와 증여세 상담포인트(은행)	고객상담	2020
HU3M038	부동산 경매 상담실무(주말)(은행)	고객상담	2020
HUBA001	CFP 교육과정	재무자산교육과정	2018
HUBK003	자산관리전문역양성과정	재무자산교육과정	2019
HUBK006	팀장을 위한 세대간 소통 리더십(은행)	리더십역량강화	2020
HZCZ002	2017년 제 1회 WM 달인 선발대회 예선	재무자산교육과정	2017
IAAA001	CS마스터 기본	CS역량강화	2019
IDAA001	농산물 마케팅 및 영업실무향상	마케팅기획전략수립	2018
IDAA002	신입사원을 위한 회계기초	직원입문	2018
IDAA003	4차산업혁명과 미래사회	4차산업혁명의비즈니스/기술변화	2018
IDAA005	보고 제안 발표를 위한 데이터 시각화와 인포그래픽 실무	데이터분석	2018
IDAA006	블랙컨슈머 대응과 감정노동 전략	CRM고객관리	2018
IDAA007	전산 리스크관리 기본	금융리스크	2018
IDAA008	디자인마케팅실무	경영교육과정	2018
IDAA009	스토리텔링 활용 마케팅기획력 개발	마케팅기획전략수립	2018
IDAA014	알기쉬운 마케팅 입문	마케팅기획전략수립	2019
IDAA016	농식품 온라인 플랫폼 활용마케팅(기본)	마케팅기획전략수립	2019
IDAA017	농식품 온라인 플랫폼 활용마케팅(심화)	마케팅기획전략수립	2019
IDAA018	재무회계 및 세무기초	회계일반	2019
IDBA001	홍보(PR)기획 및 캠페인 관리 실무	마케팅기획전략수립	2018
IDBA002	CRM 마케팅 기획과 실행	CRM고객관리	2018
IDBA003	빅데이터마케팅 실무	마케팅기획전략수립	2018
IDBA005	DISC CS & 세일즈 강사양성	강사양성과정	2018
IDBA006	빅5검사활용 강사양성과정	강사양성과정	2018
IDBA007	구매담당자 리스크관리능력향상	금융리스크	2018
IDBA010	물류빅데이터 수집 및 분석	데이터분석	2018
IDBA011	제4차 산업혁명시대 - 유통 및 물류정보시스템 재설계	4차산업혁명의비즈니스/기술변화	2018
IDBA012	기업금융과 M&A	기업/신용교육과정	2018
IDBA013	전략기획전문가과정	경영교육과정	2018
IDBA014	점포 리뉴얼 실무 - 상권/입지분석 및 레이아웃	재무자산교육과정	2018
IDBA015	교육기획 및 운영실무	경영교육과정	2018
IDBA016	"엑셀, 데이터베이스, R기반의 빅데이터 분석실무"	데이터분석	2018
IDBA017	전사 리스크관리 기본	금융리스크	2018
IDPA001	"[Big Data] 엑셀, 데이터베이스, R 기반의 빅데이터 분석 실무"	데이터분석	2018
IDPA002	감사아카데미(IT)	내부감사	2019
IGGD001	(하)협동조합론	직원입문	2017
IJPZ001	하나로 MD 아카데미(2회합)	상품기획역량	2020
IS3M001	(하)검색해도 찾기 힘든 꼭 필요한 엑셀 함수	문서작성활용	2020
IS3M003	(하)4차 산업혁명 리딩전략_스마트물류/유통(참고도서제공)	4차산업혁명의비즈니스/기술변화	2020
IS3M008	(하)직장인을 위한 실무 엑셀 2016_데이터 분석 실전	문서작성활용	2020
IS3M009	(하)전 사원 회계 알기 프로젝트_회계로운 직장생활(참고도서제공)	회계일반	2020
IS3M010	(하)한눈에 쏙쏙! 점포운영 실무	경영교육과정	2020
IS3M011	(하)한눈에 쏙쏙! 신선식품 상품개발 및 품질관리 실무	경영교육과정	2020
ISAM001	"행복한 동행, 개인정보보호(하나로유통)"	정보보안	2019
IT3K001	데이터 분석 기본	데이터분석	2019
ITAA001	마케팅 통계 분석 입문	데이터분석	2019
ITAA002	CS 리더를 위한 감정관리 전문가 과정	마인드컨드롤	2019
ITAA003	고객정보 분석 실무(엑셀활용)	문서작성활용	2019
ITAA004	부동산입지 및 상권분석 전문가 과정	재무자산교육과정	2019
ITAA005	엑셀 VBA를 활용한 자동화 문서 제작 실무	문서작성활용	2019
ITAA006	재무회계 입문	회계일반	2019
ITAA008	수요예측 데이터 분석 실무	데이터분석	2019
ITAA011	글로벌 HRD 트렌트 포럼 2019	인사관리	2019
ITAK002	(하)재무제표분석실무	재무자산교육과정	2019
ITAK003	지분법회계와 연결회계실무	회계일반	2019
ITAK006	부동산입지선정 및 상권분석 향상	재무자산교육과정	2019
ITAK007	MD 글로벌 소싱 입문과 PB상품 만들기 실습	상품기획역량	2019
ITAK009	사업계획수립을 위한 경영기획실무	경영교육과정	2019
ITAK010	ISMS-P(정보보호 및 개인정보보호 관리체계) 빌드업	정보보안	2019
JD3A001	(손해)IFRS17과 IFRS9 보험회계과정	회계일반	2017
JD3A005	(손해)비즈니스 조사분석	금융교육과정	2019
JD4A002	금융정보보호관리체계	정보보안	2017
JD4A003	(심화)금융 모바일 악성코드 공격과 대응	정보보안	2017
JD4A004	SW테스트 계획 및 산출물 작성	소프트웨어공학	2017
JD4A005	SW 글로벌화 실무	소프트웨어공학	2017
JD4A007	(손해)Perfect!대용량데이터베이스튜닝	데이터베이스	2018
JD4A008	(손해)Perfect!IT Infra Architecture Design	소프트웨어공학	2018
JD4A011	(손해)업무에 바로 쓰는 SQL튜닝	프로그래밍일반	2018
JD4A013	(손해)성능을 고려한 SQL 작성기법	프로그래밍일반	2018
JD4A014	(손해)PM(Project Manager)양성	프로젝트관리	2018
JD4A015	"(손해)HTML5! Mobile Web, Hybrid App"	웹/앱개발	2018
JD4A016	(손해)Oracle Database Performance Management and Tuning	데이터베이스	2019
JD4A017	(손해)Oracle Database 12c:Performance Management and Tuning Ed1	데이터베이스	2019
JD4A018	(손해)금융권 클라우드 서비스 도입방안	클라우드컴퓨팅	2019
JD4A020	(손해)소프트웨어 공학 기초	소프트웨어공학	2019
JD4A022	(손해)SW품질전문가를 위한 소프트웨어공학	소프트웨어공학	2019
JD4A023	(손해)소프트웨어 요구사항 관리	소프트웨어공학	2019
JD4A025	(손해)침해 대응을 위한 디지털 포렌식	정보보안	2019
JD4K001	(손해)데이터 모델링 기본	데이터베이스	2019
JDBA001	(손해)NH-금융MBA(RM College)	최고위과정	2017
JDDA002	서울대법대최고위과정	최고위과정	2017
JDDA003	보험회사 인사교육담당 임원 세미나	인사관리	2017
JDPA003	(손해)리스크관리 과정	금융리스크	2017
JDPA004	(손해)손가락마술!SNS보험마케팅	마케팅기획전략수립	2017
JDPA011	(사이버연계)신체손해사정사 보조인과정	재무자산교육과정	2017
JDPA013	VOC운영 프로세스 이해 및 활성화	CRM고객관리	2017
JDPA014	IFRS17 대비과정	회계일반	2017
JDPA015	부동산자산관리사(RTM) 양성과정	재무자산교육과정	2017
JDPA017	IFRS해설	회계일반	2017
JDPA018	IFRS보험회계 전문가과정	회계일반	2017
JDPA021	(손해)NH-금융MBA(RM)	최고위과정	2017
JDPA023	리스크관리 책임자과정	금융리스크	2017
JDPA027	(손해)기획 및 문서작성 역량강화과정	경영교육과정	2018
JDPA028	"(손해)IFRS17최적가정,RA, K-ICS RM산출을 위한 계리기본과정"	회계일반	2018
JDPA029	(손해)자산운용 전략의 이해	재무자산교육과정	2018
JDPA033	(손해)4차 산업혁명과 금융비즈니스 모델	4차산업혁명의비즈니스/기술변화	2018
JDPA037	(손해)엑셀VBA기초 및 주식 모델링	문서작성활용	2018
JDPA041	(손해)손해사정사 자격시험과정 집합교육	재무자산교육과정	2018
JDPA045	(손해)빅데이터시대의 통계모형들	데이터분석	2018
JDPA048	(손해)보험계약관리과정	경영교육과정	2018
JDPA049	(손해)PMP대비반	프로젝트관리	2018
JDPA051	(손해)IFRS17 계리인프라	회계일반	2018
JDPA052	(손해)IFRS17 계리결산과정	회계일반	2018
JDPA053	(손해)IFRS17 리스크관리과정	회계일반	2018
JDPA054	(손해)금융 IT 감사 실무	내부감사	2018
JDPA056	(손해)IFRS17기본과정	회계일반	2019
JDPA057	(손해)Visual C++/OOP Fundamentals	프로그래밍일반	2019
JDPA060	(손해)IFRS보험부채 결산 및 실습	회계일반	2019
JDPA061	(손해)예산수립 및 관리실무	재무자산교육과정	2019
JDPA062	(손해)ETF를 활용한 글로벌 자산배분	재무자산교육과정	2019
JDPA063	(손해)외환리스크관리	금융리스크	2019
JDPA066	(손해)IFRS17보험부채 추정방법	회계일반	2019
JDPA069	(손해)내부회계관리제도	회계일반	2019
JDPA071	(손해)R프로그래밍 및 통계분석ㆍ시뮬레이션	데이터분석	2019
JDPA075	(손해)상품프라이싱:VBA를 활용한 보험료/준비금 산출 및 확인	문서작성활용	2019
JDPA079	(손해)금융시장분석	금융교육과정	2019
JDPA080	(손해)IFRS17기준서의 개론	회계일반	2019
JDPA083	(손해)CO Overview(관리회계)	회계일반	2019
JDPA086	(손해)IFRS17 실무사례분석	회계일반	2019
JDPD001	(사이버과정연계)재물손해사정사 보조인과정	재무자산교육과정	2017
JGAD003	(손해)[스마트기기활용] DB엔지니어와 개발자를 위한 Oracle 11g SQL	데이터베이스	2017
JGAD004	(손해)[Start! MBA] 기업 회계와 재무	최고위과정	2017
JGAD006	(손해)IT 개발을 위한 CMMI-DEV	IT관리	2017
JGAD007	(손해)성공을 부르는 보험상품별 마케팅 전략	마케팅기획전략수립	2017
JGAD009	(손해)신체손해사정사 보조인과정	재무자산교육과정	2017
JGAD010	(손해)재물손해사정사 보조인과정	재무자산교육과정	2017
JGAD012	(손해)보험상담 실전화법	고객상담	2017
JGAD013	(손해)[5분 완성] 설득의 심리학_협상편	대인의사소통	2017
JGAD019	2017년 정보보호 교육	정보보안	2017
JGAD020	(손해)Exciting!! J2EE 어플리케이션 아키텍쳐	소프트웨어공학	2017
JGAD021	"(손해)4차 산업혁명, ICT New Trend"	4차산업혁명의비즈니스/기술변화	2017
JGAD028	(손해)4차 산업혁명 경영학-인문학으로 보는 4차 산업혁명	4차산업혁명의비즈니스/기술변화	2018
JGAD030	(손해) [비즈니스 명견만리] 손정의가 선택한 4차 산업혁명의 미래	4차산업혁명의비즈니스/기술변화	2018
JGAD032	"(손해)워라밸 심리상담, 트라우마 치유하기"	마인드컨드롤	2018
JGAD033	(손해) [Compact CS-스킬편] 한국형 8大 고객불만 솔루션	CS역량강화	2018
JGAD034	(손해)[비즈니스 명견만리] 암호화폐와 블록체인이 만드는 4차산업혁명의 미래	4차산업혁명의비즈니스/기술변화	2018
JGAD035	"(손해)[역사+] 김진명의 고구려, 한민족 최강의 리더십을 말하다"	리더십역량강화	2018
JGAD038	2018년 정보보호 교육	정보보안	2018
JGAD040	(손해) English for Finance - Building up	언어교육	2018
JGAD047	(손해)[HD]Python(파이썬) 프로그래밍 제대로 배우기 Part.1	프로그래밍일반	2018
JGAD048	"(손해)농업, 스마트를 품다_4차 산협혁명시대 우리 농업이 가야 할 길"	4차산업혁명의비즈니스/기술변화	2018
JGAD049	(손해)생각과 자료를 완벽하게 정리하는 보고서의 신	문서작성활용	2018
JGAD050	"(손해)[Work#] 스몰토크, 센스 있는 대화로 호감을 얻어라!"	대인의사소통	2018
JGAD051	"(손해)아나운서 정용실의 공감 언어, 소통의 대화법"	대인의사소통	2018
JGAD052	(손해)스피치 스킬 업! 조직에서 Good Talker되기	대인의사소통	2018
JGAD053	(손해)2019년 정보보호 사이버교육	정보보안	2019
JGPD003	(손해)에어비앤비가말한다!4차산업혁명과 공유경제의 미래	4차산업혁명의비즈니스/기술변화	2018
JGPD005	(손해)[Compact CS-마인드편] 4차 산업혁명과 CS경영	4차산업혁명의비즈니스/기술변화	2018
JGPD006	(손해)2019 내부회계관리제도	회계일반	2019
JJPA002	(손해)IFRS17 및 신제도 도입 대응과정	회계일반	2018
JJPA004	(손해)IFRS17 및 신제도 대응 핵심과정	회계일반	2019
JJPA005	(손해)2019 인사ㆍ노무관리 특강	인사관리	2019
JS3M002	(손해)K-IFRS Ⅰ	회계일반	2019
JS3M003	(손해)K-IFRS Ⅱ	회계일반	2019
JS3M004	(손해) 법인세조정계산서 작성 실무	재무자산교육과정 vs 직원입문	2019
JS3M005	(손해)재무회계의 정석	회계일반	2019
JS3M006	(손해)만화로 배우는 알기쉬운 경영기초_관리회계	회계일반	2019
JS3M008	(손해)디지털 마케팅 성공전략	마케팅기획전략수립	2019
JS3M009	(손해)빅데이터 분석을 통한 Business Insight	데이터분석	2019
JS3M011	(손해)R고 보면 쉬운 빅데이터 분석 실무 기초	데이터분석	2019
JS3M014	(손해)담보물 평가 및 권리분석	기업/신용교육과정	2019
JS3M019	(손해)금융의 정석-재무제표와 여신사후관리실	재무자산교육과정	2019
JS3M022	(손해)안정적인 기업부동산 자산관리 기법	재무자산교육과정	2019
JS3M024	(손해)자산관리 時代_금융시장의 정석	재무자산교육과정	2019
JS3M028	(손해)상황을 바꾸는 말의 힘! 당당한 CS 대화법	CS역량강화	2019
JS3M032	(손해)기업재무제표분석	재무자산교육과정	2019
JS3M034	"(손해)IFRS17, 이것만 알면 나도 전문가"	회계일반	2019
JS3M035	(손해)R고 보면 쉬운 빅데이터 분석 실무 기초	데이터분석	2019
JS3M038	(손해)금융의 정석_재무제표와 여신심사실무	재무자산교육과정	2019
JS3M039	(손해)4차 산업혁명 AR/VR	4차산업혁명의비즈니스/기술변화	2019
JS3M045	(손해)보험조사분석사	재무자산교육과정	2019
JS3M049	(손해)재무회계의 정석	회계일반	2019
JS3M050	(손해)클라우드 인프라 및 관리 실무과정	클라우드컴퓨팅	2019
JS3M051	(손해)클라우드 컴퓨팅 핵심기술 요소의 이해	클라우드컴퓨팅	2019
JS3M052	(손해)4차산업과 IoT융합	4차산업혁명의비즈니스/기술변화	2019
JS3M053	(손해)비즈니스를 위한 블록체인	블록체인이해	2019
JS3M057	(손해)금융소비자를 사로잡는 뉴로마케팅	마케팅기획전략수립	2019
JS3M060	(손해)IFRS중급회계II	회계일반	2019
JS3M061	(손해)4차 산업혁명 딥러닝	4차산업혁명의비즈니스/기술변화	2019
JS3M062	(손해)꼭 알아야 할 블록체인 기본 개념	블록체인이해	2019
JS3M063	(손해)K-IFRS Ⅰ	회계일반	2019
JS3M064	(손해)투자의 정석-글로벌 자산운용과 사모펀드	금융교육과정	2019
JS3M072	(손해)보험조사분석사(보험관계법령 및 약관 면제)	재무자산교육과정	2019
JS3M073	(손해)4차 산업혁명 블록체인	4차산업혁명의비즈니스/기술변화	2019
JS3M074	(손해)모든 것이 연결되는 세상! 쉽게 이해하는 IoT	사물인터넷(IoT)	2019
JS3M075	(손해)4차 산업혁명 첫 걸음	4차산업혁명의비즈니스/기술변화	2019
JS3M077	(손해)Q&A로 시작하는 IFRS17 입문과정	회계일반	2019
JS3M081	(손해)디지털 마케팅 성공전략	마케팅기획전략수립	2019
JS3M082	"(손해)블록체인, 암호학으로 쉽게 이해하기"	블록체인이해	2019
JS3M086	(손해) 업종 및 기업분석	기업/신용교육과정	2019
JS3M089	(손해)보험조사분석사(형사법 및 범죄학개론 면제)	재무자산교육과정	2020
JS3M095	(손해)비즈니스 핵심 경쟁력! 클라우드 활용 체크포인트	클라우드컴퓨팅	2020
JS3M096	(손해)클라우드로 성장하는 기업들	클라우드컴퓨팅	2020
JS3M101	(손해)4차 산업혁명 머신러닝	4차산업혁명의비즈니스/기술변화	2020
JS3M102	"(손해)4차 산업혁명 시대의 비즈니스 혁명, 플랫폼을 잡아라"	4차산업혁명의비즈니스/기술변화	2020
JS3M106	(손해)금융인의 영업력 향상을 위한 고객 설득 전략	고객상담	2020
JS3M107	"(손해)4차 산업혁명, 이것만 알면 다 된다! - 5G(공유경제, 자율주행자동차/드론)"	4차산업혁명의비즈니스/기술변화	2020
JSPM001	(손해)IFRS중급회계I	회계일반	2019
JSQD001	"(손해)[오단기 엑셀 2013]데이터 분석편_늘 보던 숫자,멋진 정보가 되다!"	문서작성활용	2019
JSQM002	"(손해)[오단기 엑셀 2013]핵심 꿀팁편_늘 보던 엑셀,멋진 날개를 달다"	문서작성활용	2019
JSQM005	(손해)이문열의 초한지 리더십	리더십역량강화	2019
JSQM006	(손해)테슬라가 말한다!4차 산업혁명과 인공지능의 미래	4차산업혁명의비즈니스/기술변화	2019
JSQM008	"(손해)4차 산업혁명 시대의 新비즈니스 전략, 매개하라"	4차산업혁명의비즈니스/기술변화	2019
JSQM009	(손해)이리오너라! 쉽게 쓰고 배우는 한글2014가 왔소이다	문서작성활용	2019
JSQM013	"(손해)디지털 경영혁신, 어떻게 4차 산업혁명시대를 지배할 것인가"	4차산업혁명의비즈니스/기술변화	2019
JSQM014	(손해)나쁜 리더십 버리기_변화로 성장하는 완전한 리더십	리더십역량강화	2019
JSQM015	(손해)4차 산업혁명 시대를 이끄는 신성장동력	4차산업혁명의비즈니스/기술변화	2019
JSQM018	(손해)직장인 자존감 수업	마인드컨드롤	2019
JSQM020	(손해)'4차 산업혁명' 이슈 브리핑	4차산업혁명의비즈니스/기술변화	2019
JSQM021	(손해)만화로 배우는 알기쉬운 법률상식	법률교육과정	2019
JSQM022	(손해)달용 대리의 백만인과 소통하는 SNS 노하우	대인의사소통	2020
JT3K003	(손해)클라우드 구축실무 및 트렌드	클라우드컴퓨팅	2019
JT4K002	(손해)JAVA리팩토링	프로그래밍일반	2019
KD3A002	(생명) IFRS17(보험계약) 기초과정	회계일반	2018
KDBA001	(생명)NH-금융MBA(스마트금융)	최고위과정	2017
KDPA007	정보보호컴플라이언스 전문가 양성과정	정보보안	2019
KDPA008	IFRS 제도에서의 보험상품개발 및 심사제도	회계일반	2019
KDPA010	법인세실무해설	재무자산교육과정 vs 직원입문	2019
KDPA011	IFRS17 보험부채 결산 및 실습	회계일반	2019
KDPA014	정보보호 전략 수립 및 관리 대책	정보보안	2019
KDPA015	CSS 모델링과정	웹/앱개발	2019
KDPA016	신회계제도 기반 리스크 산출 및 관리	금융리스크	2019
KGAD002	(생명)2017년 개인(신용)정보보호 이해하기	정보보안	2017
KGAD003	(생명)2017년 하반기 정보보호 교육	정보보안	2017
KGAD006	임직원 정보보호 교육	정보보안	2019
KGPD001	(생명)기업재무제표분석	재무자산교육과정	2017
KGPD002	"(생명)4차 산업혁명, ICT New Trend"	4차산업혁명의비즈니스/기술변화	2017
KGPD005	"(생명)[기획의 신] 하루 7분, 기획력"	경영교육과정	2018
KGPD007	(생명)[4차 산업혁명과 미래] 혁신기술과 경영전략	4차산업혁명의비즈니스/기술변화	2018
KGPD008	(생명)[마케팅 인사이트]고객경험을 연출하다	마케팅기획전략수립	2018
KGPD009	(생명)디지털 마케팅 성공전략	마케팅기획전략수립	2018
KGPD010	(생명)실습과 함께하는! 데이터베이스 MySQL편	프로그래밍일반	2018
KGPD011	(생명)실습과 함께하는! 데이터베이스 Oracle 12c	데이터베이스	2018
KGPD014	(생명)김경일 교수의 변화를 이끌어 내는 마음리더십	리더십역량강화	2018
KGPD016	"(생명)[기획의 신] 하루 7분, 창의력"	경영교육과정	2018
KGPD017	(생명)[4차산업혁명 테크놀로지] 기술이 미래를 바꾸는 순간	4차산업혁명의비즈니스/기술변화	2018
KGPD020	"(생명)[IT 이노베이션]사물인터넷, 신사업의 기회를 창조하다"	사물인터넷(IoT)	2018
KGPD021	(생명)10명 중 9명이 틀리는 한글 맞춤법	문서작성활용	2018
KGPD027	"(생명)새로운 혁신의 시작, 디지털 트랜스포메이션"	DigitalTransformation이해	2018
KGPD028	(생명)쉽고 빠르게 익히는 Excel 2013 VBA	문서작성활용	2018
KGPD031	(생명)PowerPoint 2013을 활용한 차트 및 인포그래픽 디자인 기법	문서작성활용	2018
KGPD032	"(생명)[오단기 엑셀 2013] 핵심 꿀팁편_늘 보던 엑셀, 멋진 날개를 달다!"	문서작성활용	2018
KGPD033	"(생명)[오단기 파워포인트 2013] 핵심 꿀팁편_늘 보던 파워포인트, 멋진 날개를 달다!"	문서작성활용	2018
KGPD034	(생명)달용대리의 백만인과 소통하는 SNS노하우	대인의사소통	2018
KGPD035	"(생명)대한민국 리더십, 천년의 DNA"	리더십역량강화	2018
KGPD036	(생명)무작정 따라하기 엑셀 2013	문서작성활용	2018
KGPD038	(생명)실무에 바로 적용하는 MS Excel 2013 매크로 & VBA	문서작성활용	2018
KGPD041	(생명)인스타그램 마케팅 실전기법	마케팅기획전략수립	2018
KGPD042	(생명)직장인의 기본 상식! 세무회계	회계일반	2018
KGPD043	"(생명)처음 시작하는 데이터 분석, SQL"	프로그래밍일반	2018
KGPD045	(생명)페이스북 마케팅 실전기법	마케팅기획전략수립	2018
KGPD047	(생명)New 계약서작성의 법률포인트	법률교육과정	2018
KGPD048	"(생명)4차 산업혁명의 시대, 4C 역량을 키워라"	4차산업혁명의비즈니스/기술변화	2018
KGPD050	(생명)[HD]R 프로그래밍(빅데이터 분석) 제대로 배우기 Part.1	데이터분석	2018
KGPD051	(생명)공공조달계약 법률실무	법률교육과정	2018
KGPD054	"(생명)안녕 파이썬(Python), 내 생애 첫 프로그래밍"	프로그래밍일반	2018
KGPD055	(생명)영문계약서 특강	언어교육	2018
KGPD056	(생명)처음 배우는 머신러닝	머신러닝딥러닝	2018
KGPD059	(생명)4차 산업혁명 경영학-인문학으로 보는 4차 산업혁명	4차산업혁명의비즈니스/기술변화	2018
KGPD060	(생명)[파워포인트 2013] 비즈니스 파워포인트 Basic	문서작성활용	2018
KGPD063	"(생명)[오단기 엑셀 2013] 데이터 분석편_늘 보던 숫자, 멋진 정보가 되다!"	문서작성활용	2018
KGPD064	(생명)[HD]R 프로그래밍(빅데이터 분석) 제대로 배우기 Part.2	데이터분석	2018
KGPD065	(생명)4차 산업혁명 차이나 파워	4차산업혁명의비즈니스/기술변화	2018
KGPD067	(생명)사례중심의 세무회계실무	회계일반	2018
KGPD068	(생명)전사원이 함께하는 제4차산업혁명	4차산업혁명의비즈니스/기술변화	2018
KGPD070	(생명)[비즈니스 명견만리] 미래학자가 말한다! 4차 산업혁명시대의 생각스킬	4차산업혁명의비즈니스/기술변화	2018
KGPD071	(생명)[비즈니스 명견만리] 손정의가 선택한 4차 산업혁명의 미래	4차산업혁명의비즈니스/기술변화	2018
KGPD073	"(생명)4차 산업혁명 경영학-가상현실, 불가능이 없는 새로운 세상"	4차산업혁명의비즈니스/기술변화	2018
KGPD074	"(생명)4차 산업혁명 시대의 새로운 리더십, 기업가정신"	4차산업혁명의비즈니스/기술변화	2018
KGPD075	(생명)사례중심의 원가관리회계실무	회계일반	2018
KGPD076	(생명)사례중심의 재무회계실무	회계일반	2018
KGPD077	(생명)투자 자산운용 전문가되기 Ⅰ	재무자산교육과정	2018
KGPD078	(생명)투자 자산운용 전문가되기 Ⅲ	재무자산교육과정	2018
KGPD079	(생명)파이썬 3 핵심 바이블	프로그래밍일반	2018
KS3M001	(생명)재무회계의 정석(참고도서제공)[스마트러닝]	회계일반	2019
KS3M003	(생명)[Micro]빅데이터 수집을 위한 파이썬 웹 크롤링[스마트러닝]	프로그래밍일반	2019
KS3M004	(생명) 디지털 마케팅 성공전략[스마트러닝]	마케팅기획전략수립	2019
KS3M005	(생명)엑셀 VBA를 활용한 업무 생산성 향상 - (3) 사용자 정의 함수 업무에 활용하기	문서작성활용	2019
KS3M006	(생명) R 프로그래밍(빅데이터 분석) 제대로 배우기 Part.1[스마트러닝]	데이터분석	2019
KS3M007	(생명)인공지능(AI) 프로그래밍_Machine Learning(머신러닝)을 위한 데이터처리 Part.1[스마트러닝]	머신러닝딥러닝	2019
KS3M008	"(생명)인공지능(AI) 프로그래밍_Machine Learning(머신러닝) 기초(파이썬 라이브러리 numpy, pandas)"	머신러닝딥러닝	2019
KS3M009	"(생명)[Micro]블록체인, 암호학으로 쉽게 이해하기[스마트러닝]"	블록체인이해	2019
KS3M010	(생명)엑셀 VBA를 활용한 업무 생산성 향상 - (1) 프로그래밍 기본 개념과 엑셀 VBA	문서작성활용	2019
KS3M015	(생명)업무에 바로 쓰는 SQL튜닝 입문	프로그래밍일반	2019
KS3M016	(생명)실습과 함께하는! 데이터베이스 Oracle 12c	데이터베이스	2019
KS3M017	(생명)인공지능(AI) 프로그래밍_Machine Learning(머신러닝)을 위한 데이터처리 Part.2	머신러닝딥러닝	2019
KS3M018	"(생명)파이썬을 활용한 Machine Learning(머신러닝), Deep Learning(딥러닝) 기초 다지기 Part.1"	머신러닝딥러닝	2019
KS3M028	(생명)자산관리 時代_금융시장의 정석	재무자산교육과정	2019
KS3M029	(생명)자산관리 時代_대안투자 상품의 정석	재무자산교육과정	2019
KS3M030	(생명)법인세조정계산서 작성 실무	재무자산교육과정 vs 직원입문	2019
KS3M035	(생명)R 프로그래밍(빅데이터 분석) 제대로 배우기 Part.2	데이터분석	2019
KS3M036	(생명)전사원의 업무능력 향상을 위한 기초세무	회계일반	2019
KS3M038	(생명)사모펀드(PEF)	금융교육과정	2019
KS3M043	(생명)고객자산관리실무(절세상담편)	재무자산교육과정	2019
KS3M046	(생명)4차 산업혁명 AR/VR[스마트러닝]	4차산업혁명의비즈니스/기술변화	2019
KS3M048	"(생명)인공지능프로그래밍_파이썬을 활용한 Machine Learning, Deep Learning기초 다지기 Part.2"	머신러닝딥러닝	2019
KS3M049	(생명)K-IFRS Ⅰ	회계일반	2019
KS3M051	(생명)꼭 알아야 할 블록체인 기본 개념	블록체인이해	2019
KS3M052	(생명)모든 것이 연결되는 세상! 쉽게 이해하는 IoT	사물인터넷(IoT)	2019
KS3M053	(생명)4차 산업혁명 블록체인	4차산업혁명의비즈니스/기술변화	2019
KS3M054	(생명)4차 산업혁명 첫 걸음	4차산업혁명의비즈니스/기술변화	2019
KS3M063	(생명)비즈니스를 위한 블록체인	블록체인이해	2019
KS3M066	(생명)보험상담 실전화법	고객상담	2019
KS3M067	(생명)금융의 정석_재무제표와 여신심사실무	재무자산교육과정	2019
KS3M068	(생명)빅데이터 분석을 통한 Business Insight	데이터분석	2019
KS3M069	(생명)4차산업과 IoT융합	4차산업혁명의비즈니스/기술변화	2019
KS3M071	(생명)Q&A로 시작하는 IFRS17 입문과정	회계일반	2019
KS3M073	(생명)보험상담 실전화법	고객상담	2019
KS3M074	(생명) 금융회사 내부회계관리제도(ICFR) 기본교육	회계일반	2019
KS3M075	(생명)4차 산업혁명 머신러닝	4차산업혁명의비즈니스/기술변화	2019
KS3M076	(생명)4차 산업혁명 딥러닝	4차산업혁명의비즈니스/기술변화	2019
KS3M077	(생명)담보물 평가 및 권리분석	기업/신용교육과정	2019
KS3M078	(생명)자산관리 時代_투자 컨설팅의 정석	재무자산교육과정	2019
KS3M083	(생명)만화로 배우는 알기쉬운 경영기초_관리회계	회계일반	2019
KS3M084	(생명)상황을 바꾸는 말의 힘! 당당한 CS 대화법	CS역량강화	2019
KS3M086	"(생명)처음 시작하는 파이썬, 문법부터 시작하라"	프로그래밍일반	2019
KS3M087	(생명)Working in the Cloud: 클라우드로 성장하는 기업들	클라우드컴퓨팅	2019
KS3M088	(생명)Working in the Cloud: 클라우드로 일하는 관점과 체크포인트	클라우드컴퓨팅	2019
KS3M090	"(생명)처음 시작하는 파이썬, 구조를 학습하라"	프로그래밍일반	2019
KS3M096	(생명)금융소비자를 사로잡는 뉴로마케팅	마케팅기획전략수립	2020
KS3M101	"(생명)4차 산업혁명, 이것만 알면 다 된다! - 사이버위험"	4차산업혁명의비즈니스/기술변화	2020
KS3M102	(생명)투자의 정석-글로벌 자산운용과 사모펀드	금융교육과정	2020
KSAM001	(생명)2018 임직원 정보보호 사이버교육 01차	정보보안	2018
KSAM002	(생명)2018 임직원 정보보호 사이버교육 02차	정보보안	2018
KSAM003	(생명)2018 임직원 정보보호 사이버교육 03차	정보보안	2018
KSAM004	(생명)만화로 배우는 알기쉬운 법률상식	법률교육과정	2019
KSQM003	(생명)달용 대리의 백만인과 소통하는 SNS 노하우	대인의사소통	2019
KSQM004	(생명)직장인 자존감 수업	마인드컨드롤	2019
KSQM005	"(생명)[오단기 엑셀 2013]데이터 분석편_늘 보던 숫자,멋진 정보가 되다!"	문서작성활용	2019
KSQM006	"(생명)[오단기 엑셀 2013]핵심 꿀팁편_늘 보던 엑셀,멋진 날개를 달다!"	문서작성활용	2019
KSQM007	"(생명)4차 산업혁명 시대의 新비즈니스 전략, 매개하라"	4차산업혁명의비즈니스/기술변화	2019
KSQM008	(생명)힐링톡톡! 감정노동자의 감정관리 노하우	마인드컨드롤	2019
KSQM010	"(생명)[오단기 파워포인트 2013] 핵심 꿀팁편_늘 보던 파워포인트, 멋진 날개를 달다!"	문서작성활용	2019
KSQM011	(생명)[Micro]죽은 문서 살리는 인포그래픽 패턴	문서작성활용	2019
KSQM013	(생명)[트렌드 인사이트]4차 산업혁명 시대를 이끄는 신성장동력	4차산업혁명의비즈니스/기술변화	2019
KSQM014	(생명)테슬라가 말한다!4차 산업혁명과 인공지능의 미래(참고도서제공	4차산업혁명의비즈니스/기술변화	2019
KSQM015	(생명)4차 산업혁명 완전정복	4차산업혁명의비즈니스/기술변화	2019
KSQM016	"(생명)디지털 경영혁신, 어떻게 4차 산업혁명시대를 지배할 것인가"	4차산업혁명의비즈니스/기술변화	2019
KSQM018	"(생명)4차 산업혁명, 이것만 알면 다 된다! - 5G(공유경제, 자율주행자동차/드론)"	4차산업혁명의비즈니스/기술변화	2019
KSQM019	(생명)#키워드로 배우는 마케팅 입문	마케팅기획전략수립	2019
KSQM020	(생명)'4차 산업혁명' 이슈 브리핑	4차산업혁명의비즈니스/기술변화	2019
KSQM023	(생명)쉽고 빠르게 익히는 Excel 2010 VBA	문서작성활용	2019
KSQM024	"(생명)슬라이드 디자인편_늘 보던 문서,멋진 비주얼이 되다!"	문서작성활용	2019
KSQM025	(생명)나쁜 리더십 버리기_변화로 성장하는 완전한 리더십	리더십역량강화	2019
KSQM026	(생명)실무에 바로 적용하는 엑셀2013 매크로 & VBA	문서작성활용	2019
KSQM027	(생명)4차 산업혁명 경영학_인문학으로 보는 4차 산업혁명	4차산업혁명의비즈니스/기술변화	2019
KSQM029	(생명)전사원이 준비하는 4차 산업혁명 전략 솔루션	4차산업혁명의비즈니스/기술변화	2019
KSQM030	"(생명)4차 산업혁명 시대의 비즈니스 혁명, 플랫폼을 잡아라"	4차산업혁명의비즈니스/기술변화	2019
KSQM034	"(생명)농업, 스마트를 품다_4차 산협혁명시대 우리 농업이 가야 할 길"	4차산업혁명의비즈니스/기술변화	2020
KSQM035	(생명) DT의 모든 것	DigitalTransformation이해	2020
KT3K001	(생명) 디자이너를 위한 HTML/CSS 실무 웹표준	웹/앱개발	2017
KT3K004	(생명) 교육기획 및 운영실무	경영교육과정	2017
KT3K006	미래이슈 트렌드 부서장 포럼(HR)	인사관리	2020
KT4K002	금융IT 클라우드 전환을 위한 보안관리	클라우드컴퓨팅	2019
LDAA002	SAS 국제자격인증준비반(SCBP)과정	프로그래밍일반	2018
LDAA005	부동산 입지선정 및 상권분석 향상(상호)	재무자산교육과정	2018
LDAA006	손에 잡히는 Fun 마케팅	마케팅기획전략수립	2018
LDAA010	기획담당자를 위한 전략기획서 작성 실무	문서작성활용	2018
LDBA002	연세 자산관리 최고위 과정(상호)	최고위과정	2017
LDBA006	고급리스크아카데미(상호)	금융리스크	2017
LDBA007	딥러닝 & TensorFlow(상호)	머신러닝딥러닝	2017
LDBA008	재무제표분석(상호)	재무자산교육과정	2017
LDBA009	내부감사인이 알아야 할 재무회계정보 이해(상호)	회계일반	2017
LDBA011	금융투자분석사(상호)	재무자산교육과정	2017
LDBA013	딥러닝 텍스트마이닝	머신러닝딥러닝	2018
LDBA015	자산운용전문인력 사전교육(상호)	재무자산교육과정	2018
LDPA001	재무제표 분석	재무자산교육과정	2017
LDPA002	4차 산업혁명 최고위과정(FRCC)	4차산업혁명의비즈니스/기술변화	2018
LDPA004	환경재단 제4차 리더스아카데미(금융)	4차산업혁명의비즈니스/기술변화	2018
LGPD001	(상호금융) 리스크관리기초	금융리스크	2019
LIAA001	모바일금융 UX/UI 기획(상호)	웹/앱개발	2018
LSDM001	상호금융 리더를 위한 DT-AI 인사이트	DigitalTransformation이해	2019
LSPM001	빅데이터를 활용한 CRM고객관리	CRM고객관리	2019
LTBK001	재무리스크 측정과 관리실무	금융리스크	2019
